-- phpMyAdmin SQL Dump
-- version 5.1.3
-- https://www.phpmyadmin.net/
--
-- Host: database
-- Generation Time: Aug 25, 2022 at 04:51 AM
-- Server version: 10.6.7-MariaDB-1:10.6.7+maria~focal-log
-- PHP Version: 8.0.15

SET SQL_MODE = "NO_AUTO_VALUE_ON_ZERO";
START TRANSACTION;
SET time_zone = "+00:00";


/*!40101 SET @OLD_CHARACTER_SET_CLIENT=@@CHARACTER_SET_CLIENT */;
/*!40101 SET @OLD_CHARACTER_SET_RESULTS=@@CHARACTER_SET_RESULTS */;
/*!40101 SET @OLD_COLLATION_CONNECTION=@@COLLATION_CONNECTION */;
/*!40101 SET NAMES utf8mb4 */;

--
-- Database: `nensi_darji`
--

-- --------------------------------------------------------

--
-- Table structure for table `Admin_login`
--

CREATE TABLE `Admin_login` (
  `user_id` varchar(255) NOT NULL,
  `password` varchar(255) NOT NULL
) ENGINE=MyISAM DEFAULT CHARSET=utf8mb4;

--
-- Dumping data for table `Admin_login`
--

INSERT INTO `Admin_login` (`user_id`, `password`) VALUES
('admin', 'admin');

-- --------------------------------------------------------

--
-- Table structure for table `city`
--

CREATE TABLE `city` (
  `city_id` int(3) NOT NULL,
  `state_id` int(3) NOT NULL,
  `city_name` varchar(35) NOT NULL
) ENGINE=MyISAM DEFAULT CHARSET=utf8mb4;

--
-- Dumping data for table `city`
--

INSERT INTO `city` (`city_id`, `state_id`, `city_name`) VALUES
(1, 1, 'Ahmdebad'),
(2, 1, 'Patan'),
(3, 1, 'Vadodara'),
(4, 2, 'Mumbai'),
(5, 2, 'Pune'),
(6, 2, 'Nagpur'),
(7, 3, 'Kanpur'),
(8, 3, 'Lucknow'),
(9, 3, 'Agra'),
(10, 4, 'Hobart'),
(11, 4, 'Devonport'),
(12, 4, 'Burnie'),
(13, 5, 'Sydney'),
(14, 5, 'Newcastle'),
(15, 5, 'Broken Hill'),
(16, 6, 'Perth'),
(17, 6, 'Bunbury'),
(18, 6, 'Broome'),
(19, 7, 'Red Deer'),
(20, 7, 'Brooks'),
(21, 7, 'St. '),
(22, 8, 'Morden'),
(23, 8, 'Winkler'),
(24, 8, 'Brandon'),
(25, 9, 'London'),
(26, 9, 'Ottawa'),
(27, 9, 'Markham');

-- --------------------------------------------------------

--
-- Table structure for table `country`
--

CREATE TABLE `country` (
  `country_id` int(3) NOT NULL,
  `country_name` varchar(25) NOT NULL
) ENGINE=MyISAM DEFAULT CHARSET=utf8mb4;

--
-- Dumping data for table `country`
--

INSERT INTO `country` (`country_id`, `country_name`) VALUES
(1, 'India'),
(2, 'Australia'),
(3, 'Canada');

-- --------------------------------------------------------

--
-- Table structure for table `employees`
--

CREATE TABLE `employees` (
  `emp_id` int(11) NOT NULL,
  `name` varchar(255) NOT NULL,
  `gender` enum('M','F') NOT NULL,
  `email` varchar(150) NOT NULL,
  `street_address` varchar(255) NOT NULL,
  `city` int(32) NOT NULL,
  `state` int(32) NOT NULL,
  `postcode` int(10) NOT NULL,
  `country` int(10) NOT NULL,
  `phone_number` varchar(50) NOT NULL,
  `birth_date` date NOT NULL,
  `profile_pic` varchar(255) NOT NULL,
  `register_date` datetime NOT NULL,
  `status` enum('0','1') NOT NULL,
  `password` varchar(255) NOT NULL
) ENGINE=MyISAM DEFAULT CHARSET=utf8mb4;

--
-- Dumping data for table `employees`
--

INSERT INTO `employees` (`emp_id`, `name`, `gender`, `email`, `street_address`, `city`, `state`, `postcode`, `country`, `phone_number`, `birth_date`, `profile_pic`, `register_date`, `status`, `password`) VALUES
(2, 'Dhara Prajapati', 'F', 'dhara@gmail.com', 'Ghivato', 17, 6, 384265, 2, '7485964152', '2000-11-01', 'palace1.jpeg', '2022-05-20 17:52:54', '1', 'dhara'),
(13, 'Dharvi Patel', 'F', 'dharvi@gmail.com', 'Vastral', 1, 1, 384266, 1, '7485964152', '2000-04-14', 'js_logo.jpg', '2022-05-16 18:10:30', '0', 'dharvi'),
(18, 'Pakshal Shah', 'M', 'pakshal@gamil.com', 'Sabarmati', 20, 7, 142536, 3, '1425364758', '2000-03-21', 'radix.jpg', '2022-05-17 09:45:08', '1', 'shah'),
(19, 'Mohit Vaghela', 'M', 'mohit@gmail.com', 'Rajkot', 16, 6, 748596, 2, '7845128956', '2000-04-24', 'html5_logo.png', '2022-05-17 12:36:51', '0', 'mohit'),
(20, 'Aditi chaurasia', 'F', 'ada@gmail.com', 'Ghorakhpur', 6, 2, 142536, 1, '3265988754', '2000-01-14', 'css_logo.png', '2022-05-17 16:06:01', '1', 'aditi'),
(21, 'Namrata Shah', 'F', 'nammu@gmail.com', 'Paladi', 14, 5, 456789, 2, '4565789812', '1999-08-20', 'jquery32_logo.png', '2022-05-17 17:56:58', '0', 'Namrata'),
(22, 'Jatin Wadhavani', 'M', 'jatin@gmail.com', 'Airport Road', 14, 5, 748596, 2, '7485964152', '1999-08-24', 'Bootstrap_logo.png', '2022-05-17 18:03:28', '1', 'jatin'),
(23, 'Mansi Trivedi', 'F', 'mansi@gmail.com', 'Bandra', 4, 2, 456456, 1, '9865329865', '1999-03-30', 'titanRaga.jpeg', '2022-05-18 09:53:13', '1', 'mansi');

-- --------------------------------------------------------

--
-- Table structure for table `information`
--

CREATE TABLE `information` (
  `nId` int(11) NOT NULL,
  `sName` varchar(255) NOT NULL,
  `sEmail` varchar(255) NOT NULL,
  `sDescription` longtext NOT NULL
) ENGINE=MyISAM DEFAULT CHARSET=utf8mb4;

--
-- Dumping data for table `information`
--

INSERT INTO `information` (`nId`, `sName`, `sEmail`, `sDescription`) VALUES
(1, 'nensii', 'ndnensidarji@gmail.com', '<div class=\"raw-html-embed\"><table cellspacing=\"0\" cellpadding=\"0\" bgcolor=\"#f2f3f8\">\n<tbody><tr>\n  <td>\n    <table style=\"background-color: #f2f3f8; max-width:670px;  margin:0 auto;\" cellspacing=\"0\" cellpadding=\"0\" align=\"center\">\n      <tbody><tr>\n        <td>\n          <table style=\"max-width:670px;background:#fff; border-radius:3px; text-align:left;-webkit-box-shadow:0 6px 18px 0 rgba(0,0,0,.06);-moz-box-shadow:0 6px 18px 0 rgba(0,0,0,.06);box-shadow:0 6px 18px 0 rgba(0,0,0,.06);\" width=\"95%\" cellspacing=\"0\" cellpadding=\"0\" align=\"center\">\n            <tbody><tr>\n              <td style=\"height:40px;\">&nbsp;</td>\n            </tr>\n            <tr>\n              <td style=\"padding:0 35px;\">\n                <h1 style=\"color:#063e5d; font-weight:500; margin-left:auto;font-size:32px;font-family:\" poppins\",sans-serif;=\"\" text-align:center;\"=\"\">Verify your email\n                </h1>\n\n                <p style=\"color:#455056; font-size:17px;line-height:24px; margin:0;font-weight:500;\">Hi Nensi,</p>\n                <br>\n                <p style=\"color:#455056; font-size:15px;line-height:24px; margin:0;\">\n\n                  We at justDials are really excited to have you with us! Before we get started, we need to confirm that it is really you. Please click on the link below to verify your email address:\n                </p>\n\n\n\n              </td>\n            </tr>\n            <tr>\n              <td style=\"text-align:center;\">\n                <p style=\"background:#ffa350;text-decoration:none !important; font-weight:500; margin-top:35px;text-transform:uppercase; font-size:14px;padding:10px 24px;display:inline-block;border-radius:50px;text-align:center;\"> Hii</p><br>\n\n              </td>\n            </tr>\n            <tr>\n              <td style=\"height:40px;\">&nbsp;</td>\n            </tr>\n            <tr>\n              <td style=\"padding:35px; padding-top:10px;\">\n                <p style=\"margin-bottom:0px;\">\n                  Regards,\n                </p>\n                <p>Team justDials</p>\n              </td>\n            </tr>\n          </tbody></table>\n        </td>\n      </tr><tr>\n        <td style=\"height:20px;\">&nbsp;</td>\n      </tr>\n    </tbody></table>\n  </td>\n</tr>\n</tbody></table></div>');
INSERT INTO `information` (`nId`, `sName`, `sEmail`, `sDescription`) VALUES
(4, 'Nensi', 'nena@gmail.com', '<figure class=\"image\"><img src=\"data:image/jpeg;base64,/9j/4AAQSkZJRgABAQAAAQABAAD/4gxYSUNDX1BST0ZJTEUAAQEAAAxITGlubwIQAABtbnRyUkdCIFhZWiAHzgACAAkABgAxAABhY3NwTVNGVAAAAABJRUMgc1JHQgAAAAAAAAAAAAAAAQAA9tYAAQAAAADTLUhQICAAAAAAAAAAAAAAAAAAAAAAAAAAAAAAAAAAAAAAAAAAAAAAAAAAAAAAAAAAAAAAABFjcHJ0AAABUAAAADNkZXNjAAABhAAAAGx3dHB0AAAB8AAAABRia3B0AAACBAAAABRyWFlaAAACGAAAABRnWFlaAAACLAAAABRiWFlaAAACQAAAABRkbW5kAAACVAAAAHBkbWRkAAACxAAAAIh2dWVkAAADTAAAAIZ2aWV3AAAD1AAAACRsdW1pAAAD+AAAABRtZWFzAAAEDAAAACR0ZWNoAAAEMAAAAAxyVFJDAAAEPAAACAxnVFJDAAAEPAAACAxiVFJDAAAEPAAACAx0ZXh0AAAAAENvcHlyaWdodCAoYykgMTk5OCBIZXdsZXR0LVBhY2thcmQgQ29tcGFueQAAZGVzYwAAAAAAAAASc1JHQiBJRUM2MTk2Ni0yLjEAAAAAAAAAAAAAABJzUkdCIElFQzYxOTY2LTIuMQAAAAAAAAAAAAAAAAAAAAAAAAAAAAAAAAAAAAAAAAAAAAAAAAAAAAAAAAAAAAAAAAAAWFlaIAAAAAAAAPNRAAEAAAABFsxYWVogAAAAAAAAAAAAAAAAAAAAAFhZWiAAAAAAAABvogAAOPUAAAOQWFlaIAAAAAAAAGKZAAC3hQAAGNpYWVogAAAAAAAAJKAAAA+EAAC2z2Rlc2MAAAAAAAAAFklFQyBodHRwOi8vd3d3LmllYy5jaAAAAAAAAAAAAAAAFklFQyBodHRwOi8vd3d3LmllYy5jaAAAAAAAAAAAAAAAAAAAAAAAAAAAAAAAAAAAAAAAAAAAAAAAAAAAAAAAAAAAAABkZXNjAAAAAAAAAC5JRUMgNjE5NjYtMi4xIERlZmF1bHQgUkdCIGNvbG91ciBzcGFjZSAtIHNSR0IAAAAAAAAAAAAAAC5JRUMgNjE5NjYtMi4xIERlZmF1bHQgUkdCIGNvbG91ciBzcGFjZSAtIHNSR0IAAAAAAAAAAAAAAAAAAAAAAAAAAAAAZGVzYwAAAAAAAAAsUmVmZXJlbmNlIFZpZXdpbmcgQ29uZGl0aW9uIGluIElFQzYxOTY2LTIuMQAAAAAAAAAAAAAALFJlZmVyZW5jZSBWaWV3aW5nIENvbmRpdGlvbiBpbiBJRUM2MTk2Ni0yLjEAAAAAAAAAAAAAAAAAAAAAAAAAAAAAAAAAAHZpZXcAAAAAABOk/gAUXy4AEM8UAAPtzAAEEwsAA1yeAAAAAVhZWiAAAAAAAEwJVgBQAAAAVx/nbWVhcwAAAAAAAAABAAAAAAAAAAAAAAAAAAAAAAAAAo8AAAACc2lnIAAAAABDUlQgY3VydgAAAAAAAAQAAAAABQAKAA8AFAAZAB4AIwAoAC0AMgA3ADsAQABFAEoATwBUAFkAXgBjAGgAbQByAHcAfACBAIYAiwCQAJUAmgCfAKQAqQCuALIAtwC8AMEAxgDLANAA1QDbAOAA5QDrAPAA9gD7AQEBBwENARMBGQEfASUBKwEyATgBPgFFAUwBUgFZAWABZwFuAXUBfAGDAYsBkgGaAaEBqQGxAbkBwQHJAdEB2QHhAekB8gH6AgMCDAIUAh0CJgIvAjgCQQJLAlQCXQJnAnECegKEAo4CmAKiAqwCtgLBAssC1QLgAusC9QMAAwsDFgMhAy0DOANDA08DWgNmA3IDfgOKA5YDogOuA7oDxwPTA+AD7AP5BAYEEwQgBC0EOwRIBFUEYwRxBH4EjASaBKgEtgTEBNME4QTwBP4FDQUcBSsFOgVJBVgFZwV3BYYFlgWmBbUFxQXVBeUF9gYGBhYGJwY3BkgGWQZqBnsGjAadBq8GwAbRBuMG9QcHBxkHKwc9B08HYQd0B4YHmQesB78H0gflB/gICwgfCDIIRghaCG4IggiWCKoIvgjSCOcI+wkQCSUJOglPCWQJeQmPCaQJugnPCeUJ+woRCicKPQpUCmoKgQqYCq4KxQrcCvMLCwsiCzkLUQtpC4ALmAuwC8gL4Qv5DBIMKgxDDFwMdQyODKcMwAzZDPMNDQ0mDUANWg10DY4NqQ3DDd4N+A4TDi4OSQ5kDn8Omw62DtIO7g8JDyUPQQ9eD3oPlg+zD88P7BAJECYQQxBhEH4QmxC5ENcQ9RETETERTxFtEYwRqhHJEegSBxImEkUSZBKEEqMSwxLjEwMTIxNDE2MTgxOkE8UT5RQGFCcUSRRqFIsUrRTOFPAVEhU0FVYVeBWbFb0V4BYDFiYWSRZsFo8WshbWFvoXHRdBF2UXiReuF9IX9xgbGEAYZRiKGK8Y1Rj6GSAZRRlrGZEZtxndGgQaKhpRGncanhrFGuwbFBs7G2MbihuyG9ocAhwqHFIcexyjHMwc9R0eHUcdcB2ZHcMd7B4WHkAeah6UHr4e6R8THz4faR+UH78f6iAVIEEgbCCYIMQg8CEcIUghdSGhIc4h+yInIlUigiKvIt0jCiM4I2YjlCPCI/AkHyRNJHwkqyTaJQklOCVoJZclxyX3JicmVyaHJrcm6CcYJ0kneierJ9woDSg/KHEooijUKQYpOClrKZ0p0CoCKjUqaCqbKs8rAis2K2krnSvRLAUsOSxuLKIs1y0MLUEtdi2rLeEuFi5MLoIuty7uLyQvWi+RL8cv/jA1MGwwpDDbMRIxSjGCMbox8jIqMmMymzLUMw0zRjN/M7gz8TQrNGU0njTYNRM1TTWHNcI1/TY3NnI2rjbpNyQ3YDecN9c4FDhQOIw4yDkFOUI5fzm8Ofk6Njp0OrI67zstO2s7qjvoPCc8ZTykPOM9Ij1hPaE94D4gPmA+oD7gPyE/YT+iP+JAI0BkQKZA50EpQWpBrEHuQjBCckK1QvdDOkN9Q8BEA0RHRIpEzkUSRVVFmkXeRiJGZ0arRvBHNUd7R8BIBUhLSJFI10kdSWNJqUnwSjdKfUrESwxLU0uaS+JMKkxyTLpNAk1KTZNN3E4lTm5Ot08AT0lPk0/dUCdQcVC7UQZRUFGbUeZSMVJ8UsdTE1NfU6pT9lRCVI9U21UoVXVVwlYPVlxWqVb3V0RXklfgWC9YfVjLWRpZaVm4WgdaVlqmWvVbRVuVW+VcNVyGXNZdJ114XcleGl5sXr1fD19hX7NgBWBXYKpg/GFPYaJh9WJJYpxi8GNDY5dj62RAZJRk6WU9ZZJl52Y9ZpJm6Gc9Z5Nn6Wg/aJZo7GlDaZpp8WpIap9q92tPa6dr/2xXbK9tCG1gbbluEm5rbsRvHm94b9FwK3CGcOBxOnGVcfByS3KmcwFzXXO4dBR0cHTMdSh1hXXhdj52m3b4d1Z3s3gReG54zHkqeYl553pGeqV7BHtje8J8IXyBfOF9QX2hfgF+Yn7CfyN/hH/lgEeAqIEKgWuBzYIwgpKC9INXg7qEHYSAhOOFR4Wrhg6GcobXhzuHn4gEiGmIzokziZmJ/opkisqLMIuWi/yMY4zKjTGNmI3/jmaOzo82j56QBpBukNaRP5GokhGSepLjk02TtpQglIqU9JVflcmWNJaflwqXdZfgmEyYuJkkmZCZ/JpomtWbQpuvnByciZz3nWSd0p5Anq6fHZ+Ln/qgaaDYoUehtqImopajBqN2o+akVqTHpTilqaYapoum/adup+CoUqjEqTepqaocqo+rAqt1q+msXKzQrUStuK4trqGvFq+LsACwdbDqsWCx1rJLssKzOLOutCW0nLUTtYq2AbZ5tvC3aLfguFm40blKucK6O7q1uy67p7whvJu9Fb2Pvgq+hL7/v3q/9cBwwOzBZ8Hjwl/C28NYw9TEUcTOxUvFyMZGxsPHQce/yD3IvMk6ybnKOMq3yzbLtsw1zLXNNc21zjbOts83z7jQOdC60TzRvtI/0sHTRNPG1EnUy9VO1dHWVdbY11zX4Nhk2OjZbNnx2nba+9uA3AXcit0Q3ZbeHN6i3ynfr+A24L3hROHM4lPi2+Nj4+vkc+T85YTmDeaW5x/nqegy6LzpRunQ6lvq5etw6/vshu0R7ZzuKO6070DvzPBY8OXxcvH/8ozzGfOn9DT0wvVQ9d72bfb794r4Gfio+Tj5x/pX+uf7d/wH/Jj9Kf26/kv+3P9t////2wCEAAYGBgYGBgYHBwYJCgkKCQ0MCwsMDRQODw4PDhQfExYTExYTHxshGxkbIRsxJiIiJjE4Ly0vOEQ9PURWUVZwcJYBBgYGBgYGBgcHBgkKCQoJDQwLCwwNFA4PDg8OFB8TFhMTFhMfGyEbGRshGzEmIiImMTgvLS84RD09RFZRVnBwlv/CABEIAu4D6AMBIgACEQEDEQH/xAA1AAEAAAcBAAAAAAAAAAAAAAAAAQIDBAUGBwgBAQACAwEBAAAAAAAAAAAAAAACAwEEBQYH/9oADAMBAAIQAxAAAAD1SAAAAAAAAAAAAAAAAAAAAAAAAAAAAAAAAAAAAAAAAAAAAAAAAAAAAAAAAAAAAAAAAAAAAAAAAAAAAAAAAAAAAAAAAAAAAAAAAAAAAAAAAAAAAAAAAAAAAAAAAAAAAAAAAAAAAAAAAAAAAAAAAAAAAAAAAAAAAAAAAAAAAAAAAAAAAAAAAAAAAAAAAAAAAAAAAAAAAAAAAAAAAAAAAAAAAAAAAAAAAYyWMmI5AAAAAAAAAAAAAAAAAAAAAAAAAAAAAAAAAAAAAAAAAAAAAAAAAAAAAAAAAAAAGPzjTfNtnivoPj/bmZ8o+o/N9q7HB64AAAAAAAAAAAAAAAAAAAAAAAAAAAAAAAAAAAAAAAAAAAAAAAAAAAAAAAAAADy12fyR6bhUx6vz+xb3zfK9bmeyqvnv0J8r+ghzN8AAAAAAAAAAAAAAAAAAAAAAAAAAAAAAAAAAAAAAAAAAAAAAAAAAAAAAAAAcG3tHI+es/gvo3h8VXknq27jY9U2bqc2r2TjacPZzmHT/AJJ9HDU2QAAAAAAAAAAAAAAAAAAAAAAAAAAAAAAAAAAAAAAAAAAAAAAAAAAAAAABrU487823dr9A8enkburNCERmcNd7FGwQO5x63bOH1fO9v0bkuRbX8w990bKcNwMc+kXm7YsZ7e53vJdgAAAAAAAAAAAAAAAAAAAAAAAAAAAAAAAAAAAAAAAAAAAAAAAAAEhO5vyk7z5yxGl9jm4S8t6HoeXl6uDvNvVyyEdzTA2afH33ouLGMiyNn7C8gTeG9b7aWl34P1VPWtpHJtA9MMuAdFyHLWO9x8wdaxLoowAAAAAAAAAAAAAAAAAAAAAAAAAAAAAAAAAAAAAAAAAAAAAASadyM6JzHfuoHKMt0Pxp1udUtdfe88Zn46/GyOcxduhYjBXdFCJeZrW9h6/Pnlg6Gqw+Yo69+x+tvBfYvAeu9KjyHoQANb4l6RSj5q71oHH8vXTnfRISAAAAAAAAAAAAAAAAAAAAAAAAAAAAAAAAAAAAAAAAAAAGuGZ4zr3RjS+yZsC0zjhvAejcq9/5K/YOpdDMMZUnXkFpd2VowSiiDM4e92qMqg7XNSxhjNhj81jOZvege4eDPU3hvVdNHme2AA0/cGceQuwbx5isj7Ccq6rVMAAAAAAAAAAAAAAAAAAAAAAAAAAAAAAAAAAAAAAAAAc2L3lFx3EsNpACy8z0eV+y8xsFjY1/RcOlaZu4hLU6W71Iy0XL5PG4sgiyBhUpsthUK3f5SEYZxLa3dKmzG15JObvevtz8RewfB+szg4fUAAaXujOPGvpvQOfWR9XqVWqYAAAAAAAAAAAAAAAAAAAAAAAAAAAAAAAAAAAAAAA1AxfNbfvZUywAOR9c8xdPR4xWp0va+YvFCrZXORlGCIgiIRMgIgv7/DZnqaKEW1RCWaXGba2vrTT2KWza3DU2Pcd75M9XfPfY1RzN4ACn5N9bcqthb9d8r+p65xGAAAAAAAAAAAAAAAAAAAAAAAAAAAAAAAAAAAAAAGP875naTZ9vAAcUuqv/ADTPefSPD6fQ3+bGeex6BThLRqm02eLcPUuLaNuQmhG/UAEQBmsLkNui9HS0kIwJKFzTqssoVpdLYp9a5TPrX+6HDe5fOvZhqbICnUHkrv8AyvbbYddFUwAAAAAAAAAAAAAAAAAAAAAAAAAAAAAAAAAAAAGhb55uKvoTTN8AANZ8R9H5j6vz81aSp2uXNNCN1SeWMo3V3iozqzkmGTrCrZAihEAV6M2cZmManY5ssZmMyyz045pUK9tRfGFNTZX9J+Z7jT2fcTSd2+de0CmwDkWA3jm1kPRormAAAAAAAAAAAAAAAAAAAAAAAAAAAAAAAAAAAABoPMK29nSKgANepeZO/wAbH893DGez85rVfJ23O6FOrbU45yVXDJRzs2BnsrzbE5C2qsLKhEhFMQmmmglmS4zkrjF5Hq6M0E2xVCMzOKdG6p1zs4VKeteqUo4zlPWPj7PcnoexmNyXz32IRlpvKusaJsU9lq0K+vcAAAAAAAAAAAAAAAAAAAAAAAAAAAAAAAAAAAAs7zRDj3d+HelSIFCv5q2aOaarLU9n5mpeWU+1rZi6wE2xq7JPrUbqdkhrjLN2NC8xnGQzmIrvlRRmRmwTowyhCTKMFSeIZjFZDc1q6EN7VmSMSmlISpULqjr3UU0KbZppKko7j6r8SdI892PTaEfEep53Z1ry+vfhRYAAAAAAAAAAAAAAAAAAAAAAAAAAAAAAAAAAAA5F13iJad5452MEjEvijpHC/beZtmJkqt2C41eeyvaZtar7FOfjhq19OTjZVba7iMk84IwjnAiRqQnghLPTJUZ7MQmjDMYXFuljKDqaUQyhGOMyS1ZKp0Za0Na6nNPMSwrs46/3vxP6D8p37zNYDdPOd3NDWtAAAAAAAAAAAAAAAAAAAAAAAAAAAAAAAAAAAAcI7vw8yfXeN9kHl3pXkz0HHzNXAz+q89n44Ga2vOW2PrsU7TN3Uc6hb79VjLnTossZc8qbzj4W4m+pVLIRnknlCpNLGKEkZZJ55J5xjBAQixLIVLW86OnLGaNkJYzxwkVY4zby3MtFlOatXhK1q3NzKNtt1PqHM3Nq2DXa/hvU50aW+AAAAAAAAAAAAAAAAAAAAAAAAAAAAAAAAAAAA5J1vRDQ+2ecerbNHlbA3ml+t89tE+r3NU9hmwtztUZOazudrXqxhG2uIlgRKl1YpV1JIRxNUpz4VEJoKcJpZp56c84xlmlAxKpksTkdqitPSn2qK09KojUmp1CZGpVOFyvoTlzEOjaULfp1KfwvqtC5vs+g+y8v6Wy3mD0p5H2d2OR0gAAAAAAAAAAAAAAAAAAAAAAAAAAAAAAAAAAFrdYKUeAaZ07m/W52nYbMyet89rlrutxTbz2n0pCXNXSLeuei3Ox2NdtlcULeM8vX1yEo7XU1DJbFGdHQ0IxgK01OeGYSVZM4hPTmsxUgjnEqMMZXdpVnjITU59/UqVKM7FaelMxXnoTwldX2Mz9ctp6VpHVfIdHI89qcojdHD0rT1/JqbPplGq72ZP549D/O/ZiGjtxAAAAAAAAAAAAAAAAAAAAAAAAAAAAAAAAABL5I9H+L/RcXvum6/wBN5m9w/Fbnq/qOFaTQm3NWM0s04xq04zje3WJjbRnJ8Auqz8mEGSxVdTdJGCM4oRI1KU2FaEs8c01SSSM1KacaiEc4hCdjN5Uo1t3WnnpzTjWnoGK8KN9HNzuVh1Tj7eZxdLjnI6VxgLGT0/HupbWGValAxDtvENp0dr1XLiKng/X5ifH3FNt0pT1zmGMgAAAAAAAAAAAAAAAAAAAAAAAAAAAAAMZe+OenoR5HukfaeZ0P0lynP8Pqbfxj1ZzHzvZ89VNu1jqaU95gKVkdvutEX09BjoV1ta+5x1a52aNgYm52aL1JPfTGMGcIwEQTT04lWNOeGUtVlSnjCSaalGUbm6xt9s0zwhG6qMY5TOKe1zdW4nTtWN5LobV1rtCTv8mopMLiSSTKst5S59H8v7f5/sRrW1xxOpeXdldauzd1ravrX1ppJq5xGMgAAAAAAAAAAAAAAAAAAAAAAAAAAADVZx4vwyeT3Xk4IwupXFuZ33sfmndufubPq3ZdL4/R5lb5/W/Y+ajbUpsrLH7PcUW6Ha9MjRby2XqdGi7nm5ST7FSMI7eqjCII5IwiRjLFmpNRYV1GaKeSMxTuad3bCF1kMnbCw3bN5PzXdyema7o/R0r/AAdB0dKtGlNHMUonJyndUOx69vRrxN5Tvz3NO5puqXNO41r560lWi6aaEa7AwRgIoCIAAAAAAAAAAAAAAAAAAAAAAAAAHne44r7HzOj67vmJ178FdzWPO3cvd6pSzjfMhzGbYq7x2jxfs+HpLTodF5m9wnHdf1P0/C0RmbDr821jNKIwiRgiwAjCJFARQEUIEyWOUVS5ytK+QyNNmPyO37NweviNp5DpnJ6PZdJ0+n7DzmXs7Oa2q6mtZ2LpQSxWUGY15raaTO+n9H3nzfZV6dzz92pc07nWvnryVte+epLPTZERkAAAAjARAAAAAAAAAAAAAAAAAAAAAAA5Vvvifr87FkPXebnuLROOQmxqyGQo2qMlhf1te7WLTea2tfoex5ufXu6juXBsvp37nqXScnp7Xm2z9Pc+xLkVbdcBu61izj0nDwbNS2V4dlxiGYnMJNmZYSxdXYtj1djQ7jfs/wA/c5Rt+4adq7GwT8q0TQ3Ohc5xd9TZfWuZh6HkWFxSqThcVbert61apRqXVVUFkIoJYm3LTfUOls7FLCr5vtVLmnc0XVa8tbWvnrSVaLozQjCYYAAAAARAAAAAAAAAAAAAAAAAAAAAANKvq1XyfsfOvWeeyV1p1HkdHodTmta+nojR7zao2xr93t62UW9xtUIwSxNNLNKM1e2mlHNZjTo2U9Q3PgFeifoBwm65293O049c6u50a01O+hLO1NfhnG1X2hY861c8Lt5x7drfLLXZo6RqWs2ezRmMLa22tsS2dzPzt2TJU77e1K91QuOxzcfTv7ai2SdNhNPLPbCaME4xQu846N3SxvfMdya4p3Wpsz3VO51b560tWi+aeE9VgRyAAAAABEAAAAAAAAAAAAAAAAAAAAApmt+Odi0f2vl8lHGOzy8hRtEJwxmWuNa/T7Dos2rscto9XpaezyqbpGO09nU7y+x+vdfXus0Mt6vOatijpsedXu3r7zHUb3c1thYrI7mrVjIurqqQrQosK0tKGMzyySwlNTkpU2xoRk1dinLVUW0q0a04zXdKvvalSpTjt69xbXVO2u2VJde5NCbOIiWHbeW+puZvTzyV+H1KlzJc699S4p19a+erLUotjEhMAAAAAACIAAAAAAAAAAAAAAAAAAABIT+fu6a1v6fi56h1r0/B4C61rl9WkMni76okM4jAxkCNe3Sxfz4xbXk5MfHC4sLitVZr2O3utq7HMbbrEmrscl6BdyyxOhDqc+MZYYTSwhiU0sskJTU4S02QkmVWSJ0cyJwrSVrq6lWnU2teaMs1sK01KtdVSkrSQlTiQnE3SOeq71F5fu1Lmnca19W5p3GrsVK0lai6M8JqrAxkAAAAAARAAAAAAAAAAAAAAAAAAAAJaM9CcLezvKO1r2Ut5LbXZwu5ZRtsfl5ZY0bW+ty7FXA9d9Oy7FPkDDe2LS+nxlD1Xrd9Xnh2TXb6ues9grq0ZUozpWcTpI5RQhhMlgTQlljKeWEsJJYoSlRYzBFjMITCEYzZxGrLUuqmnljdXMhGcY3NtWsrmlnlnGnCeFc3qHlvceH1VaS55PQqXElzq7FSvJW1756ss9NsYkJAAAAAAAIgAAAAAAAAAAAAAAAAAAAlmlKdGvLZC3kuYThbS3UssW0l3LmNpLdwlizlvISjZS3sssWUt7LKNlC8llGzhdyyxa0L6WWNS1vqEt1XD9d9IQvq8m6/7Rkvq8WPWut3VebXbtdthzKG1a7bXbwRliCIlRjhKmgzBMIVJZ5RjUlnurmQmshFCOcKlOMo3MIrqpLq27Vq7HRb+Wr5Tvz3VO5ouqXNO41dietJVoumnhGuYYyAAAAAAIgAAAAAAAAAAAAAAAAAAAgIREqZnEieBJCpDOKUK0MqMK8ucUIV2cW0LmWWLaFzLmNtLdSyxay3cso2kt3CWLOW8llGzlvZJRs5byWWLOW8llGzhdyyxawuZcx13W+iS2w41rvoaF1XlfXPZMb6/FEfX+t21+ZXeNeuq5VPuOv7NNhNLPsUxEoxGUSGcXE1KrdVm/Tumbt5rtzXFO55u9Uuadzq7FSvJW17pqkJ6rYiEgAAAAAAEQAAAAAAAAAAAAAAAAAAAgAAAAACCIlTM4kTwJIVIZxTlrMqEK8M4oS3EM4t5biEsW8tzDMbWFzCWLWW6hmNpJeQniylvZcxsoXks8WUt7LmNnLeSzjZy3kssWcLuWUbVcSZxitd3aWyHK8B3GGzT5v171ivp8cvXeA2KvMu+9B3yOchDJQ4HXtLmerCa5lra901aWpRbNNCMJhjIAAAAACMIgAAAAAAAAAAAAAAAAAACEYAAAAAAAAAAAEERKmZSJ4MSQqQypwqwzijCvDOKEtxDOLeW5lzi3luYSjbS3MJYtZbuXOLSW7hKNnLeSyxZy3sso2Ut7JKNnLeySxZy3sk42c1zOwydHI6e1LLdte+xXkso289WOMwnITmEcgAAAAAAIgAAAAAAAAAAAAAAAAAAAhGAAAAAAAAAAAAAAAABBEQhMylhOYpwqMqUKsM4pS14ZxQhXhnFvC4hnFvLcwli2luYZjay3UJYtJbuEo2lStUZmu6dfWviK5gIREERAAAAAAACMIgAAAAAAAAAAAAAAAAAAACEYAAADQM35D7nM9HvNLq8/0s80xPSrzXKemcj5XhGXte/wDDXVebu+kFGtwuoAAAp1OL7VGQ2bxzvPo+P6/ST+S74ADUds8X9fQ9B0fNcnc5XpWn5rZx6Ued6B6TyflueE/ZuV8MbtobfrBzTp3E6dKFVXKjCtJnGn67wbE+t4Ho+fzalH0rP5nmxn1D0Xy56j4HWST8i1b7+r5jk9RwvT7zAPTLzNMeouh+Y/TvA6+P57qvFOpo+lXmlt63pbNeUO0aux34eY7YCIAAAAAAAAAAAAAAAAAAAAIRgAAALa5Sx5q5D6F4L77yNpkqF/vavrOa9y/zr2fmvkHtXxp7DzdrdnW53e+28P7h4L14c3cAAsvGHZ+Gez81aXkHc5Ponr/jf154f1d4OR0AFvcM44Jwf0/5r935W0vIXfT0PVuw4Pa/nPtOfcC9fWvQ1PCzbdd9p5et1/jV7qbXttzvongfWQRVzteJd35l1dHyyu3uvI2/rTy3674PZ2Oc8f6NLMMfwf0Q3tXwW9FcB9v5WzytrDYp9K9V8Td78f6Xrfm2rzjo6eG7P0noGvbr2cqvO9mAqmjCIAAAAAAAAAAAAAAAAAAAAAhEQRgAAAcY4b3fi/ufK2F9Gt0NP0tc+Xa3nuz2Hg2Sl7PMx9zm/RtF1fYTxPpwrmAxWV4Lv6vK8zlfQvqOF5BZm16fPt+w8mutLb9gMNmfCerCOQOYedfR3APa+YsLqrddXQ9L7Tq+0fPPYhRbxnhnpPz37fy9gv3T0Ok+gfP3oHxnpw5HQc26Tznf1fNi/e78lQ9W+YPT/B6+yjyfoAAHJustmnxRJ6S4F7fy2Ku6ja17n1H5X6nw+t3QeR9CAAAAAAAAAAAAAAAAAAAAAAAAAAABBEcI87+i/OvvvJQyWOyfS0fSvPu/Zfw3rPAcOs8n9r5a/wCw8PyGvf7tcJ7t4P1ga9oGt+LeoaL7ny3R9l5cxO557vOsdHRxtei2NbuHo3wz648b6jbhwOqByby16l8t+68rC+sr7rc72Ftuobf819uFNnH/ADD17kX0DyMEcl0NH0H2jF5T537QNPYcu6hy7oanlNF9B8bdezPGfsjzvb2weQ9EAAksvMXR09x4XkfVXpuJ5AtPYnkvb1sfkce3tTv/AH/wh2LynofRqWbzXaAAAAAAAAAAAAAAAAAAAAAAAAAAAYyz8XdPS7Bw6jbet89f5LXl9Pq7p3hnqfm+76a8b+1da07/ABGucP7DzWwdt85X+nt+5s15m9M+Q9FZcv5Pyrtc289EeZsp1+b7ryHAO/8AjPTODbb5P63PprB6jgZDoPLq9N3tTdPDnt7yHoqthfeK4T6/51p2nrvOX9xiG1r+len+LZ+F2PYmgeebCcL6nlOr9Tn8k9WbNnvNdwOF1BKWXHeN6j6nhzrB3+NlfQ/mPJ6e17ny3j32F5H0Q5fr27fovmDGek424YrA1+3yvYXQfBfr3ynoN95bc+Tp4hRs5PV+dv77BMZ7H3PxfkOR0/eNzyrqvlu4FFoAAAAAAAAAAAAAAAAAAAAAAAAFrqG8YDc1tQbG6WnrmT2fK6exp2Yv8bVPL4nHVpxw1hvOSsjoV5ujXuxGVmat2l4Xp2M39XT77IZaUaeSsqWns2up7Rab+prjY7u6vVMnulTR2tY2c1b6Oo7oljmtPb7Pq8/XK+cyWM4KbdGht6U3VPGtXkuPtq2C71S4ps2NQr6eyknM6dYdBht63MWzSdHT1zLXufptxWxHL3mLyjDSaO+NmnmtLp9O+rStytFNk+vbFVxnSLDaaO/qa42Oecdby23XOjtY/IGltBHIAAAAAAAAAAAAAAAAAAAAAAAAs5Ytba/bWvY3V1dQlaUcirngoZCW+qhlLKrXO7GvcAABhclXsNimvjLxLFiyF3nFnfmtchFGUERBEYihkZNzWsbuerjN0NTYApYfL22xTYr5bXQy1CvrXhXOILXFZ+w2abCa8WQv40qunsBjIAAo5xJir5s0WK+mnjH5qZTZMoVKrJ0IxyAAAAAAAAAAAAAAAAAAAAAAAABJCozimqAMZhJUZxTmmAYyAAAAknFOaZnAYyAAAhEU1RnFOM4gixmWWpDKROYkmiZDBGEQBJOypqhinUAMZAAllqM4pqgpzxAYyBTjOziETGQAAAAAAAAAAAAAAAAAAAAAAAAAAAAAAAAAAAAAAAAAAAAAEIiCIhEAAAAAAAAAAAAAAAAAAAAAAAAAAAAAAAAAAAAAAAAAAAAAAAAAAAAAAAAAAAAAAAAAAAAAAAAAAAAAAAAAAAAAAAAAAAAAAAAAAAAAAAAAAAAAAAAAAAAAAAAAAAAAAAAAAAAAAAAAAAAAAAAAAAAAAAAAAAAAAAAAAAAAAAAAAAAAAAAAAAAAAAAAAAAAAAAAAAAAAAAAAAAAAAAAAAAAAP/EAEIQAAAGAQIDBAUMAQIGAgMAAAABAgMEBQYREgcQEyAhMTIUFTBBYBYXIjNCQ1BRUlRVYSM2QCQlNDVEU1aQcHGB/9oACAEBAAEJAP8A7qoFzWWkuwhw5nx3xHy4sWqejHcxe7nUlqmZFeoL2FkNa1Nir+Obe0h0lbLsZrmQ3szI7aVZyzZc6TzaxjWRS8bsEymDrrCFawI86G98ccUMx9fWXquE7yiOdWO2oYblj2MzdroYfZlMsvsO/G3EObkLFKqJQ1jjLsda2nWuVYv61rlgGaKo5CK6e6RkoiMj+NDMiIzM844gpJL1bUPT7x0jMkKYmPS9xucornTfbVz4d5sbBs0di78ZqUSSMzPL+IsO0N6trJ8iI1LI9kx7GH1amlxERUM1sq5sL6rLa+fD3NvWTbdRYu/GXFnMzr4p4/Bd7h3BK1p8qzUpRmpSuVa5q2ts+bC1tOtutrreLFezFjsW0ZnipjDhd4j8QcScJJesouT42/8AV3bUiO8WrL3xZluSR8Wpn57hTpUqwlyZst3tQnNkhHNCtDD77zUZa48fDaKBmFaciPOf4XSU96HJHDO2RppBfxO6gGakxo9zlNcvZGv4/EjKK7aVjX13FGifNJTItfa1tqjdX2HxMZ6C1znG6QlE7N4hZrAyF9uU5HVkBqcMigtWaXC1XHKYwf2kvNLMiSvmkzI9SCFk4hC+e8xDt7HFrhi4rFYzk1bldPHsq5zlKiQ5bfSkxZWEUDif+FZsOG0xSTXEesKCdSu732oObZZUNtm89TcS6OeaGppNONPNpdac+IX5EeG0p6S9ccTq2DvZq2LnLL+6cJqXOtKy9irJk6mXSzNxuSTWwprUibNCi8S0P8oSdXtezAc1ZNJ9iQ0TraiMsRymdhF0Upkq2xgW8CLYwZPYMiMjIytcFx+Ytx6Im7we4rt7i4NVbXFIapNRY4/xLrppsx7ZtC0uJStCvh119mO0t19284lxo26NTMyHr3I5hIkO1HDKUsictX8ik0HDikNVVAfyi0ecW4+6d8pf1kP1nXL+sgdWid7lNnConfLKkw48R0iYd7EFzY9t5agzB95GJrGvfpw4zt/EJ/o0pbTrT7TTzLnavsMpL1SpRoyPF7SgNS7KPR5Rc4y40TLmO5RVZGxrCd+G7/Oayl3ssiys7zJX23J8ik4ePrJLtidfWQKpgmIMSfOi1kOTNlu5Xk0vKLiRYPezQo0rSogRkZErsOpJSTIOt7VDhfn3qh1uitnu2pKVpUlScn4bKbS9NxtDTz8OUp2MvDuIbNqbUC2P4YnT4dZHXJmP32bWV24uFUt0GKS7RaXGSp8erqZJqZRy4wWV4/tq2K32kNe9gi7B94kN69+m33Dhbn3XJjHbd/2GYYVX5Mgn2znQ51ZPerbKLgufmamai6f+FsiymBjzOiznz7TJZHplhIx/B09NDtqwhCG0pQhHKfPh1cR+ZNfzjiLKyJ9TLAkTlOGfeTzpH3OFKfL7ZTHfeRTj97aZiDMiNPagr0cUjXsLLUg4jQwk1IUSkq4b52WRx0Vtk57DK8Tr8sgLafKbDn1NhJqbVnh3mxyTZo7V34UyzM2aYnIUI4sCbay23ZKKDF2KrZKlnzs7OFUQZM+fIy3LPlhIIvTXceS/5HnMWfLwNzHJiPsqppiPFtVfKQZ6tGw6nxQyhRutkZci7DS9jiFjUa/3yMOoIGQiypMGSxLivYLmUXK67Vfsc8w5nKqtBsHHdd3LbdTgmVFkUD0eWv4SzLNCgE5XVrlRSy5slouhR0UamZXtX2OKuaev7L1PBeSE/R7yNEqS35JKLeyR4Sk3s4vMgr0lfWQCtKxzucgzl1ziCVFT24697KD17Cy1IOJ0M+VNcTqGxj2UB3GMmg5PUMzoqvYcV8VOOssqgN0dvIqJ8Szhqg2EezhxZsZfwhm2XFVoXWwHaWolS5MXYxTU8enjG2hXY4rZt6grfVEB1BaAvbwl960dkw4kGNBimTzsUtWpsYVVpAua+LYwXu2+wzJYeYfatKh7Fr+dTLPhleHHkPUjq/g/L8nboYfSYOshPzX0SnWqCibp461OOdnijU4ym2kvx7F00Mmf0ymMgpLB/eE4g/BftGF7HUH2lF7gpOhjTlguZv4rYbXRHkR5UdqRGe7fF2iOTTxbxhuplOtk3MjKgTmZ8GLNaV8G3dtHpa5+a+a3X76xlz572K0aoTZWMtjs51n/AKAl6splzXZS1KM0upeUfenar8uRGZeBk86Xg4Up4vtFMc96UHuSlRl7BpW9tCuyYWQMgYIcN87VQSE1dg8RkoiMj7UyGxNhyYslNUl2ks5EGSXDySbcSxplq+DDMiLUxmF85kVsmNEGH0Db76FrLs8Wc9foyao6l9u8lF52kXbSu52CU+od88fZQvffep6p76uUvF0L1NtbmLvlrtC8elp9y6iWj7tUN9Higi0Ii9jDV9FSOyZBSQpA2jaEkOGedbOjQWr3b4hwCr82N4k4fLNi8pnt3wZxAvTrK4oDK6KBIcNlUcq6BHq4MWFHT2MvyaLidHKsnxNmy7ObKnTHSIJBctP6SpSfKpE6a35JaLqyR/5Cb+V9uPItWpDK0HC9jHXtdTyIjG0EkbQaQsuRmCUQJf8AfDjOiuWSqbJ7tcYYhNs47PJNQ+bUKDJI/gt11thpx11VjMk5TkDjxHhNcyonrnZ2eKlpe292S5takgRAvb+HIiBFoZGEHvSlQ05ajUGoL1MK15aAiDDz0V5l9h3A80ZyiCpqSfZ4tRiVhzjgp19WlyBIiOdaLGd+C+I1qcCoRAbOjgOvtEhoRmGosdiMynsZJksDGoJyZSslyiddzHZcx2RJNaj0CX3i+8TMeL3pnK97ZTke9BTGD95Psq8HCUk/BXsiIERFryir1bNJjcN2o7+W0GnuCkkDLQaaAgQrLOZTzo0+C9iuTQsorES2D7HExvdhNx3Y9HUmtstwojNVNVGZ/BWa2R2uRy+keGVxetZDvZyrKq3E4BSpjlxdO5JNemy7B+lN/vSteNv+4LoJSfBKqmWj7tUKQnxbNlwvFG1X5aGXuBLWXgspDxfbYWpbe5R9kiBFyMwahGVo7oCIEQIuZhQUWgM+RGCGOZDOxqzZnw1U1xAvqyPYQXefExSSw20Fex0KnvKrLo1Fa1r8E28wq6qnzjFIRKsEynxhkRUPHIKnOxLlR4ESRMlO5plcnL7t6e4CL+kLWjTatufNb8spF1PT3G4i9d8HIhXEJf1kApVI75kei0T3lknQQnfqn3MWV4pNzG5BGegdpZTev0W0dNCU9kiBFyMwZmYItQnuMlEC7yIy56jUagwogZcyPlhmXSsTsidIRJkafFjyor3Lik708YQwJrHo0SyY2tIJtptsvgriRL9Gx0mCOuYUqtmkgNNoZabaQXPjFmpTHzxmveIuRAuRdlD77fkfRa2LfhL9ezTLRwj7zM+wRAi5GrloCLkwrc2XIzGp9gwZAy5EXLQcPs2XjcooM1xCkuJStChn6fT7jEKdJSk+mT3EF8F8Un/81NFGNsE7MxGOfYkG2Ud83X8ogUDFk/6llOSG2j0M0zY5+KkvsK8HUmR95HoC9mRAiGgPuHiCIEXOMrRRp7ZkDL+to2jQEQIgaRw1zg4SmqGzfDa0WPEOwmGKOOp20g7vgvic4asjYQMQRuyTGUa8nnmo7TjzzmfZ3JuzcgVwnuyFGZElbbpnqadqi92n5kRmQS88nwdTNkF94mxe+0hNiX2mkz2D8QmUwr7wnG1eC+wQLsEQIuwhWxaVdvT8hoNNBtG0EkEkGkIRuUMOzfSoej2zmJxHTo5kt46RBKamTNvwVxI/1S4MMSRZZXlz4n8QX7GzcqKp9N1I+2yVpFX9bDJ+nd8yPQ6Z7yvnj8R3vbdcxc/smvG5CfALo5aPsLrZSPFs4zyfFGxZeKdD/IEtSfBUJbiycNS+SQXIz5EC5Hy0DJ7m0mNBpz0G0GQNPcCSCLX3bAlPuGw9BFjmtRCPAcfVEhtJehpjsMwI4ZaQy020gvgriW1syRpWmHntyuiMzHFXNDx2rKsgvAgQLkXcESJDfkfRaz0d3pKLyUXnbK6aV9ZB9PqXfrI+yje8Hjpa176t9zFyUWqDexp9GpkG45xdzauZAuR8i5ajXnGUX0k8yL+iIgSRtMbdAaRtCUhLeo6PgGmN5+FbX7lEZlh9URynrN1FtLKvjLfJVBfMXcYy+C+KTH/GU8oY7JJi7wqQLGSqDBlykRcll3M67ny7pnTkXMgXa0IJddRpsdRZT0eEtxxbq1uLPkQLkrkXI+w0ratJ8tQRggWgIgRDYXvLpgmtT8ENmG2te4QoBqWnRMGnWfSZQmPGbhRmmGiyWV1nDQRotplVYMzYblBeQb6ubmR1fBPEmD1qJiSkIkqYq2ZKRmmdRqGElEFy6uXn3n3X3nJbxqM0uIsJafvUWr5eZCLcvtsItIqu4wmbEV4PpcaX5XCL2ZAj5HyLttnuQlQIEYIwQIECMEYQGzLu7orKXFF3U9Y0lslrKuhpaSTplYPky2eh3kotVpSb5mpRmKC/l43ZJmRzrbGJaQWJsN34It64rKpsYRiCg3DnQVklHpUZ1px6bjy3FmZG7jchPgF0cpH2FVslPi2qK8n7HSWXinaf5BDzqPK6mdLT98m0kl4km2/Uwm0jn4pTNiq++S60vyudggXI+RAvf2o6u5SQQIECMECMECMggy7gxqsyIhTxNykmoVDXpbpJSS3ENoMzO7u0f5SSqbLN1Z6m4sj1DiiGIZY9jM7Rw2X48lhl9h34HyO/i45WrnPllEcoF2ifDGSRG49mp1onzcbUe1aJ8xHhITayvtJTaNn9ZDKXVueeP0KZ77w6Oue+reXiyT8huYw8WugXQS0a6IXUy0a6tqhvo8UG04XinRX5f/yt3KkH38yBAuRlyIwR89OTR7Vl36ggRgjBGO8EYLuCVd/cK5hTik91e06+81DjJisNV8ZuO2WRZAlBKjtOWFka1me5b27XU1uGQU5/alkYwDNjpX01dg8RkZEZGN3wI662y2444vL8xXlN6p5tVSs8kw9yILGOVhVKbD6TWncaVJ0PkQLmlxxHlcRYzUeElFxLT5iK4Sr6yH6dWOfWRunSPfeHS1r31b7uLF3mgyrjgOrSZdggR8jIGXIj7SVakRggQIwQ1IbxvMzEOOp5Se6M2bRtMMopaxuiiGp07+9KElxhCrG0U4o/pLfNeo6oNwKPUGY1HDbOCT0qC1dddIlbSMnASwRgj+Ac3XSoxuam6lynosV5xTIw7OWKK2iy1JyOtbqbFqZDFzBKJJUtAfZMjP2mgS4433occdcdPc452SMEfLQGXIjBGO4xoNAz3p0GnLcQ3DcCMzMRY6nVEWjDRRUoSlGPUiaRHpk0r29KtJSSVYWanFLPc68pZgl95AzG4bgehgxh1Gd9ctIcI3zMz70OhDoSsEoEY1/Hri4g0cF6dNdzHJ7PJZq5UgT/AEpazPZFN1tRGZcOLprIaleHWTs+vcQqRWzGb2qkVsgySpUya0fdIRczE+YkXp/bjIuoivMhFnBX4PofZc02Pe2I9ARgj5GkaDUEYI+TJkS+xqCLURoynFEQhRVpW0xHZpKJFKr0iWLu+RVktttdjZrdWszW46ajMGfgCUDPUajUbhqaj0IsWpCx+najrLcEKMIUEKCVAjBAvxyVKjwosiXKdy3OLHJbd6SS/Waz87HpcJzzxEpqVmK1mE28y9HlyWG81qUzmBNgRrOO7FliwxSW08+ypt+jltGf+NUF9Hi2bLhH5dii92n9IedR5XUWU1HhIRdS0+ZKLz9cdFzEPxJFhCX4SEutL8rnsSMEfLQbQZGNRuMEvQyG7Ua8koNXujwzUeplS1U22klErGayvhUqDjVp3GRs16FsQnZ9kpw1aKW6az8de4GYJQJXcDUDUNw4c0PrCxVayELVqYIggggggJCQXLX8b4vZr6Y+rGq97sMumgxj1/LqJkeZEemxIWWwlXlKhbDUxDba3JxvsPPR5de65APXqRTYqHfFR0lc99W8vFkKL6Bu4s6nwDmPSkfZXUSkeLaoT6PFBtOF4p2qEFG+ZHTp7IgRjUa8jIhtMaGGz1SQLUw0ypRl3JbajI3vKosUmW7KZ9ktL8ZiEcaA3dZOkmVxYRTbJThn3reNZ95ksbwaxvBKBmY7xDhyJ8uPEjIqqyPSVkSuj8kJCCCCCSCSBF2dRr+L5pPu6+glOUlcs1mtZuH2WHjSYx7IZlRLZlxHlMVubR12FQUmMxLQUGzRaU8mA8hmU2/GUg/KaTLxJLi0d6VonTEeEhNtKLzEVq2r6yH6TVu+dhUame+9Xj8B7vbddpvQH0Oey15ajUbhuGvIi1Edk1HoYZg925QroM21klDp4VXjVRSPNrli0tW2HFOWT9zkEmWolPOy5q1mfeo1KBAiMGkwZDb/AGRENC05cNKHY27eyEGephJBKQkgkgkgkgRAvYa/iZmSSMzPiRxGKST9RUP2lmpajIj9NloPVEhFzYI++RkD5eeOjIGD88dFzXr01dbmRHPJJYfMjIyVU3MiE+y+w/DuqbM2m2LVVlXTabfXW0GwxxaW3JNct2IS072zWwaT8DIy7RqUZERq9oR8yJR+BIaUowzEPTUxDSt+S3GgRWMSZibXspsH5iYUNDCym5Whllcetbk2muv0n5almffu1GpAgRkNQowSiG8by0FDUP39tEr2g20zFYZjR2yCCCSCEhJBJAiBe01/EM/4isSXZVHWS34rMsvovP4ya9TIPYy8nwS5QyUfYXVyEfdqiOp8UG0svcaf6StxGhpWxbT2TLSVByue1oSlY5xaeZYTX3MFmogXDJWuH2s+FAnvOlYMWdDNgN9eQy5D3J3INcc0+40KL3f7AiP8ktKMNxVGfgUVDRbnV1sGfbPdCnq2cPgQ1IVkl1Js2MehG0QseIiIu5GPwjv5Eha3X3zsVr7zUck195mThjeNwJQJQNQMzGoIwRlp3jh9QeqKn059BmZmEkEEEkEkEkEkCBfjfFLNPk7WeroTvJLjqD+g4mdLT98Vk79tr02Mv6yIZVTvmQqrrHvK85jTS+9CnsXWRnoTuOyUn3JVUy2j8jSJTR+WqurGrktyYcmq4pQbdpETLquPRHISqfiN5ZVNa66tuxrJmI3hEpdXOkOWcV1TT8Q7Ii7nIhWUI/E0yoi/LK2n4kNqvy7Wh/kSFH7iaUYTGUYRCUfu9FbaLVxcVs5bhMwIbOE3+wnbSTW41jjWq4VXbZREiMejTruz4iS2SWzSRXpr8p5brrqG97ah01pUEKCVBJ6gjBGCGvYIxhGP+v7lsnULVqYIgggggggkgRAiBe2L8Nv7yFjtVMs5qrq4m39nMs5q/YFqXgaZUlHcl9NjJLuNRWJH3ORuvAc13xybq1/bar4S9Nj0GJKgvIkQpcDOLVbKY17BTBw640XDsZ+NZGTW15ifjePuLUmVXSMBZe74NtMwC9jkalVZtRGtG1OFFaX5HfQDPwL0Bf6fQF/p9AX+koCv0+gH7x6M0jzu6wUmRdeJXTppkUGlawfLVpJTtajEqpoyKzzOJjtFDT1o2ISMiTEZ6C8gk5VAjLNcGqusus7Pulz5dgpWpErcpxQYaPu1EdBFoRh9jvPu6egSQIECBDXkfJKVLUlKE4rQpxylYiKIISEEEJCSCSCSBAvbF+G8XJWOnWsQ54mTmYpmRBN9DPuWhFrXueElDzLhaoe5a+ybkPtH9B1m5mt/fsZI+XnTAy92Kolsqj8R3nUJbmD1vhVikifpyrsVL/LCyX1dZSCIo2WPYtauFucxNzFCI/8ANw9VjlRroeK/Jyl/gU45Q++gbxWmdLVGHNYVDM0k3w9RjCIxkfyMS6cDxvZeQVemkrMn8ixxrU4+PyM2sySaIi5lw9JWa5D79irvLc/OUr3uurUfjs1MNMkGUaBBaaBaSUkjC29ARAuSQR9nhpj3p9gq4kIUephJBBBJBCQkgkgRAvbl+GZjmMbGYptti+m2NjIkSpD0yLKWozNK4ryT70m0stdS2mR+CJMprySG7iwR9+jIJBedhGQMH546LmvX96iXFd8kku/vLmXIgXIjMJdWQTKWn3onKL7SLFRfaKx/MN2zjZkaHG8ksW07UWRZnfEWhXZZpfF4Xnyzvv5t7L7t0iJdy9kE549XJ67HXxNVgfuNc9R+9cxR+9chRhb6j961mfvUZmNoSgNoDaQkI7yMg4gGnQxoCBAuxAhSbGbFhRUVdZGpa2JXRgQQQQQQQSQSQIgX+wL8Ly/Jo2J0siwdEu8tZ0p+XLllZuH52fS4a/rIptVLviZ01e95HXcXSZfQDuMOJ10J2gkJ+yupkIPyKhvJ+wbLheKTQZe5K3W/ItFnPb8JKL6anzpbyIvvIqL2ArzBuygO+WUhxC+9C+1uP896vzJxf59VY6yx1ljrL0BuK/Per8zUYNQNQUsKUDG0bQlAQkIIEEHoogZBSRp2+GGP9Bh2+kIM9TCSCSCSCEhJBJAiBf7Avwp51phpx55zPMucy67cfQfZJa0+VaZspPg+myfLzI9OYX9ZEP1W74oVWVj3lecxppzXYb2MLLwJ3HpCDP6LlPJQfehUF9P2DYcLxSaFF4kW5J9xtzprXklN3lgjxcbyN0vrIqMiin52UXFcv/yG3G3UEttY15a8tRqNQZg1BSgpQMeI0GgIglISQIgXLxIjBkDIadnHaR7ILeJXthtpqMyzHYQQSQQkIIJIEQIgX+xL8K4v5oRa4xAeB+zIzLwNMqSjyvlYyC8wKehXc5FN2uc03MnCq3fB1ePRXfq1O4qfikncaeT4E5RSm/srrZKPFCozqfFJoUnxKub6UGKga89eWo1BmDUDMGfLQaDQaAiCSBEC5tn3aAwohoC5/wBjh9j/AKmpymPthJBBBJBJBJBJAgX4yZhxegsKSksFLVMp5fDjD5JnpVyuEVQvU4lvK4Q3CNTiW0rh1l8XXSql0txB1KXU6l4Gf/79oX9BEh9HleTYyk+LhWRqLRyP6VAc+sjKj1D32pVHEW2pbThESUkRctRqNRqNQZjUGfPTXnoNARAiBEC5tn38jBl2MFx719coN9ClamYIgggggggkgRAiBfjJmFqDhhZag0jaY2jQaqItN0mqrJpGUqtlcPsRleNNK4SUTmpxbGVwgsUanDupXDXL43lgy8ev4OvpVKrVJ7VF4+wLtajUagzGoMwZ9rTmRAiBECLsa6czLmhC3FoQhOL0SMcpo8IyLvCEhBBJBJBJAiBAvxgzCjCzCiBpBoGwGgbBsBoGwbRtG0FuLwOTBhSyMpUKVguJS9d9HK4T449qceVK4QSi74d7K4Y5ZH1NuPKxbJIJGcmicSppW1xOvPXsa8tRry17Gg/rskQIgRAiGnZQeqezw0x/0ycu5kIM9TCSCCCEhCQkgkgRAvxkwoGQNINA2jaDQDQDQNgNANANANANANANA2jaDSC3F4G/GjySNMiNKwvFJmpu0MrhVjD/AHsOSeECu84d9K4W5SxqbJSsQymERm9QutPR1bX2dfyMa66drx9gRAiBdts+/mZCBAk2c2LCiora6NUV8SvjERBBBCQggkgkgRAgX4yYMhtG0bRtG0bRtG0bRtG0bBsBoBoGwbBsGwGgGgbAaRtG0d5eAdbQ8W15uXieMzdTfoZXC7FH9TaalcH2T1OHfSuFGSM97D8vCMsh6m5RPxZUUzTIikZfn7IuRdoj0MuZjhnQejx3byQjxCSCUhKQggkgRAiBfjeg0Gg0Gg0G0bRtG0bRtGwGkbRtBoGwGggaAaDBo/rYDQNgNANA2f1sGwbTG0x3kFkThGlZS8ax6dr6TRyuGeJSNdkSVwhhK1OJdyuE1+1qcabKwLLomu6lk11hDMylQNS/PsECBdtJ6pLljtI7f28aCgIbaYaaZZQkghIQQQkJIJIEQL8f0Gg0Gg0Gg0G0bRtG0GkGkbRtG0GgbQaQaBsBoBoBoGwbAaBsGwGgbBsBoG0xoNAeploZyqGkna+lU8rhxiMnXSulcI6tepxLeTwluW9Ti2cnh9lsXX/lUmotoZmUqs1Lw17bZ+JcsEoDpqgpD6CLvCSCCCSCSCSCSBEC/Fz9toNBoNBoNBtG0GkbRtG0bRtG0bRtG0GgGgGgGgbAaBsBoGwGgGgGgGgbBtG0aDQaq/OTVVcwjKVWScCxOTrrVSeFVK5qcaxk8KLFOpxbeTw8yuPrpBlUV3C19JqD+j3HySehkMEx717cpW82pBmeoJASkJSEJCSCSBEC/wBiX4Of+z0Gg0Gg0Gg2jaNo2jaNo2jaNo2jaNo2f1sBoBoBoBoGwbAaAaAaAaBsGwGgwaRtG0aDVReByIMKWRlJhScIxWXqa6Z/hTQP6nHmY1jkbHaxEFhfQHRBNBKAlISQIgRAvxg/9xoNBoNBoNBoNo2jaNo2jaNo2jaNoNI2g0DYNgNANANA2DYNgNA2A0A0A0DYEoDTYabHTIG0DaHTBJBECL4X0GnLQaDQbRtG0bRtG0bRtG0bRtG0bQaAaAaAaAaBsGwGgGgbAlsNNhtIIgaQaRtG0EQ0+HNBoNBoNBoNBtG0bRtG0bQaQaQaRtBpGwGgbAaAaBsCEBtISXY0G0afEOg0Gg0Gg0Gg2jaNo2jaNoNI2jaNo2jaNgSgISCL2GnwDa8TsSpLOXWzX/nhwf8Ac/PDg/7n54cH/c/PDg/7kuMOEH9+XGLCfe+jjBgp+abG4oYDJ0IsigWtXaI6lfZeydeaYbW665P4pKiTpUeNieHZrDy9meSIXbyPN6LFZEWPZr+d/D/c188GM/Zq/nepPdQfO/V//GPneq/fjBcYKUvrcfRxjxD7+PF4q4FK0L17X31HbaerrjQaDQbRtG0bRkeZ0GLPxmLV7528H/d/O3g37suLuD/ui4wYP+5RxjwYvF+BxYw6xmQ4DD3J51DDTjqwjjNg6e83/npwf/3fPTg//u+erB//AHFxjwX3vo4yYKXi/WcUsQt7CFXRXxaWMWnr5lhLMuMWD/ufniwf9z88WD/ufniwf9zj/EPGcmsm6yue/FcxNxOL3CmjVOyFBauSPW9t/Jet7b+S9b238kVtbmehWB2lz753ri1/kvXNt7552slfc+0y7XE6l5pGOcULyhUwzkLkaTGmR2JUV/2HF3Jjhwm6SOsY1kblBa1uQkbbjbzbbrS+yvyL0FrMvU2E/bIO0tD8bE7CxPxsDmTT8ZiZM1akpTJVHvUeZpUi0Z80hNtaJ8LE7aavueHUrHVEp6spMwyyo2lU3+LcUaS+eTAno0Gg0GgWWiFi1m3qbGftket7b+R9b238l63tv5L1vbfySLS5cPRE7h5An3d8wzYv8uL7s5mqqzhLXZ3bX1kz1vbfyPre2/kvW9t/Jet7b+SRaXLitqJ/DeFPuL1n098cYXrNiyrEwnFWtwg9FT/W9t/Jet7b+SK2t1Homw4TQpU6aqzmPfipkSiMjJcKE4Rk5D4tY3AqZsGZCZ2DYKgjRYMKSdHV1sijpnXoE3D8ZnoUl6mz7hu1Qxzs6s9o2CJJVFWsjRwgsXI67fHVvduynsVcGTNfVe2j97azLB89gguoYeNLyeFGQOLiS8XnPdpUOEtJkuHxcxqtiRYdpCjbBsFcnSxrxgrbTmIUhrbeqquSWj1dccM8WtEKNuJlmCWmLOb3C2jYPSWpjaY9mjAs9mVEqHQZBL56BUOGvXfE4s41WxoEa0iRdg2Btk3XG2yGB09O3jsN5uvQww0f+Nnk4y04RE63MpaWY2bb1dnHCxcBDllSINBpMyMtg2CtdcQiTHZlcPc7i3a/VFrGDyIqkqU6zxRuqGc6xBrYrUd19xDTLeLcJHZSG5d4uBimO1jZIi1TbLLJGTTP4vxmTqxSjpjpirRpNbGP/wCnqDllTKHcbuCcIm+4h0x0xwir3DdXZqLt8WsiNRtUUdfTHTHTFZaS6t6vuogr58W0gxJ8R3tcXS1xtgdMdMV6P+YQBgv+j6Iuc6FFsoj0SU1lWPOY7cyoKi6Y6YjE0+05Xyj4Z5DJuaFcOwPscWSI8VIdMdMQ0f8AGQxw9PTE4HaMiMjIyz/hyiT1rSoaWypC1IWjpjp/0g0zCYQ8/g/EkpaHabJRmnEWTam5Bq11dLPupaI0NnD8Cr8caS+8j8a4wJ3NU5DpDpCuaMpbfdRZBQMUVIh68ezPEY2pvZLmucV0qmeiVq+kOkIlfInSG48dvFaYqCljQu3eWjVNVypzpz5D9jMkS3ztcXl1lXWT3EdIdIRVqjPodJPCy79WzJeKPvdriundj8cdIdIQWtJ0IYP/AKQoy7HF2uStitnpR0h0h0hw0kqayplXZ4plrjSSHSHSERr/AIuKOH3dikD2GdcPm7FDtnVtuRnGnFtuI6Q6QOTKOMUY3KikKxlw2X5WP43XY7FSzFa/G+LJoJNVuVuj/uN0f9wxIZjuodS8RU5eFaiVGZPWOhbrTqzW5L1j/uGolS1LgsWVxQYnVUTaVsN9viTkLUyamrbk4jSFd2zKEndUka1p3oBpmRSgSnor7m6P+43R/wBwTyyaYkQZOO3kXI6SvtYp9nijtKjjGtW6P+43R/3EI2PTImj+Emk8TpdD58TybPHmlLPdH/cbo/7jdH/ccN0NuXlctK+xxO2lj7ZqVuj/ALjdH/cRTj+lRtH8AMvktB9jmmCs2iHJ1e2+ymM6tl9e6P8AuN0f9w4VfNjehzX8C4hPV0hjG8ok/jGnPjf/ANLSc6lDa57BONVnDXErGorJbsDNuFaqeOuxp1costCGlxJTeAZy9jz8ShuZfay2+axyjmTlqkvvTZLz7p4zk8vC4zkOBQfOzf8A/wASy+c5kq3rd6r5R33Ir7T7R8MMibp7tVObnZ4yf6WY51n/AHKvGBGXyMoOxxmkpbx2Ix2ODVQTVVJtHC7HF/8A0gfOD/10IcPD0xKv9g442y2tx1ec8UdvWraRTLE+3mpbbRNgya6S7FlM8o8llbBwpycA4hvUz0bH8kkkZGRGR/jPHItI1Jzp/wDuDIx0yPHcfMgtKVpUhaeJmEnRTFWcFvlEks9NyHMLhznTsN2Pi2QSezxWyf1xcer47lNjVzfk8dbD+bfMf4f5t8x/h/m3zH+HtKqfTS1Q57HKvW5IaVCQ5hGTtZXj8afr2OMn+l2OdZ/3KvGAKJWGUXY4vXrdldswGF8qirlXNhGgRkUlW1S1UKvZLscX/wDSB84P/XQhw+XpiVfp27O0g1EVcma/mvEedfuLiwVY/jlnkkxEaCziGEVmKx0mhGc4FDymMt1pFlWTaiY7Dms8o0prorhzEYLxCfxpcWlv5SFodQhxtf4vIvqKE8pmXc8YL2qtWaYq+dvIbyFO6hNnD3qwHiLQlSQae6nRb2jmuIZiXFjXRrWFIhSm8xxiXilq7FdTvIbyEeXHeYKDOPE+KT9MhipywV2R0FutCK66E6yrqxtLs+fmvEyrg1TjNS+4+pxa3Fq4c5Vi9AxMo58qFcVNkpSINqDPQjMz4qx6O7hs2NdbbyG8gl00KStCsayqZjliu+gNVPETDbllDjF4RkoiURibbVVapCZ1lxYyOkssfjs11nvIbyEN9LMuI6o8J4iVNA05QX5pzrDFpJRZQ/xGwpnuReZPxbJqO9Hr4bshx91x51e8hWVs64lNxIMfA8Fj4tG67/ZmWtVXKQmdZcVMlpLHGiYr7PeQ3kIz6WpEdwxgOfU9MidQXcqLkWOy3Gm2L3kpRJI1Gb2bYfASS38jveK9fCaM4DGQ5XZ5E+pcp+uZZkOvLfPEci4exquO1VW8KbBnsm/DljOI2E5PAWbl7JaXEkPx3BvIbyEWeTKFx32sSzi5w9sksKpuJ+D2qEq9cwrGtsW1uQrD8UyqbJrMdtp0Zc7J37KW/OlQZVg/McJx97rF+rrF+rql+r18+tJFJZ4TwkXGRQ7CPBGV4vDyqpdhvpvaifj1i/AnN9Yv1dYv1RbeVEQbSHeEEMrO8auGYY4kZfbryCdWuuPTHZDq3Xn+qX6kXb5NNtPtcGq7rvv3zMYcVMgtMao4kuveXdL6bjbEbql+fWL9XWL9TE56K6l5h+lM8msW6tyGwhTceO2oLPalRkMrzCxtLeSmwalWciYaOs71i/V1i/V1S/Ni7msNJZ63rxeupQXL6xcQbZSkdVw9EN12L5JarSmJUUHBae+aHbqZR41T46wlmuidhRmlKzIZVmFjaW8lNgzKs5EzYTzvWL9XWL9XVL82ruQhptl1HD6IjIchhExX8uK+Q2mNU0N+A96+kt6+jIXJU6tTjjvWL9Uec9EeS8w8q6Qvvdq+G9QdPjpo2cU8gtMZoo0yufK76Z7mK5clTq1uOOdYv1dYv1dYv1MTXozhOsPneuuEfpEThJWnBpZk5tr8UsISZ8RyM4T+DUTDKnfVXyboP4L5N0H8F8m6D+CZwaodTvVRnw+oy8aurx6nplLcgQHpLDJf5HXrdXeTDU+BDtVpcsIRY1QGehUTWE1Tpbvk/wDIGjIkmuqq6GopTeOtgLJRoUSTl4bXSXXH3K08aoUmZHQxcPo5W800pYJj5GWtVWVFbTMrYrogtaOPcaFMQ/i2PMuGhNP8m6D+C+TdB/BN4vRuq2t0CMFpT89PBw/HYTzMluoD7S3WVIQ65g1Ks1uKrXcWomXFNrovk3QfwXyboP4JjE6OSs0ooiwSi99V8h6QvCtPD4LfkrPVqIBl/wAubspLRaJSi3/9kdqfFd0Lqdh1HUbWjcvBKRZqcXXScMpopbjo/k3QfwXyboP4L5N0H8E3gtGtBKOpqcXp6eQqTFr+VxSQLllpuVHXgVGku6qXgtYnwoHMUpmj0cx0sbx/+DRg2POo1TXRY7cSMxHaRaVFdcRiYmxfm9pP4uXhdJELedN8m6D+C+TdB/BfJug/gk4zRLUSU0LWA1LnnpayAisjlGZT+KKUlCTUpUuQuSrQdMdMQYJI0edI1JSXebk9hryh+fKe7iM0anqYbiPO+VtqpSX1y2mGWS0bb7NnFSrR5AYcdjqM2zIrMy1JJlao0Pa47YNJ3LDsqQ8napXTHTEeAp8yNQaZbZTsbT2Z6d0lY6Y6YrC2uO9gyIyMjKbBS0ZOtl0x0/6Yffj+RbEhD6NSLsLQlaDSoOxzacWgy6Y6YrHyU2bS+34h6DDWkjUyupNv6bT5OWjHiGrNCe5xlyZGS0SkqfcckL3LPpjphqOt5ZIQmNERGR3fiylEkjMzkOKfMdMdMMwFup3a+rH/AP3rrndD/wAimVIMyMumGlpb0/wsyW3C26dsyIyMjD0fprNIguEaDaWb0kkakgOb3Vbln0wTRmehExCSWinSGh9qSnc+4Y6Y6YhJ2uq7L6SUy4RjpjpjpiMRoeQZdqxjEe1xI6Y6Yb3NrStIQolpJReykuNkRp2dP+umOmCa1Mi1jttMo/xq/FTMiDhm4Y6Y6YaYIz1MuRqJJd4WW9RmY6Y6YaZ+kSj9jIbSshsHTIdMJZNZ6ETbSUeHb0GgcRqtRjpjphlOi+y6rUtpDpjpjphpnae4y7KiJRGRg2tDMh0x0xFX01aH7Fxz3JGwdMdMIYNZ6D0draRbFQDLvQsvSG/A0SNvi2S0n7/xDU/y1V+RpM/EbBsGz+tVflqr8vpjYZjpgmdQTaS9maBsCW9fEEWnsD1IHqNg2DYCToY7x3jvBkZjYNg2ECIi93a1P8jSZnqNg2DYCNRENT/Lsan+R7jGwbBsGwJ1SWmnM9D8U7ASTLwBGshqf5fEBf8A530/+yP/xABBEQACAQMBBAUKBAQFBAMAAAABAgMABBEhBRIxcRATMkFRFSAiM0JQUmGBkRRAcrEjNEOhJDCCwdFTVGJwgJLh/9oACAEDAQE/AP8A24WUFQSATw+fv4kKCScADJNbRu5LqQtGxUJ6v5Ed9bJ2ou0IsNgTIPTHj8x792vdMoEC5APaPj8ujrZbK76yJt1lbI5GtnX8W0IBImjDR18D772hfxbPgMrqzHgqKMljX46C9uDPfS+l7KEEBR4Cm6stmMDc7sVep2H+lWV5NYzrNEf1L3MPCrS6ivIEmiOQeI7wfA++XdY0Z2OFAyTV3ctdTM54cFHgOm4Tfhcd41+3RsS9Fpd4kciJxg+Ge40rBgGHA1n3vc32z/ShllRjnVM61JHaSerhC/6iakt41VmBOg6ZE3HZfA0K2NtPCiKU6CgQQCDWAax4GskcR7z2jd/hosKf4j6D5DxprO2YkmIZPeNK/BxjsvKvJzUcckZ/mZGX4Wwem7TDq3iKAqFzG4IrZu0AN2KRvRPZPh5hXvGhoN3HQ+8CQASTgCrpjdXUjR5KcAx/2HhRtX7mFG3kHdTIy9oY6bhd6M/LXpgfTFbMv98CCVvS9gnv+XmEAjBoEqcH6H3ftid7n+BFOyIp9LHtGgL6PsXYI8Clfidpp3Qv9SK8oXg7dln9LCuvM4VjGyfI9JGQRRXdJHgehDg0rcCDWzb8XSdXIf4qj/7Dx8wgEYNKTqp4j3btG4/D2zNvhc6Z/wCK3WcZVSRRVhxU+fcLh8+I6BUbVHI8bK6NhlOQasL1LyLOgkXtr5j6YYd37e7JpVhjZ27u7xNXVxfzzmWWBXA7KhtFFDaboMPZSjkM/tQ2zae3vp+oUu0LGThMlB7V+DIeVHzJ1ygPgelTQNQzyW8qyxnUfYirW5ju4hIh5jwPmR8CPA49139wZJCg0VaY0aNNBA/ahQ81FCztlYMsQBB7iR5rDeBHjWOgUh6LO7ezmDrqp0ZfEVDNHPGskbZVh0rpI4+QPura21BYoI41JlYccZCjxNW13ZhmeSbLscsW4k0Lizk4PHXV27cMfQ0baPuY0bbweniZBkkedMMOfnrWazSk0KIrZ181nJhsmJu0PD5ilZXUMpBBGQR0f1j+ge6biZYIy5+g8TUjs7MzHJJzTojdpAeYzT2dq3GBfpp+1Gxh9lpF5Mf96/DTr6u9lHPWgdpJ2bmNv1Aio5bpwRcBBjgVPmk1OMgGsVihS9Oy9odQwhlb+GTofhPQuskh5D3QSACTV5fC9mWK3ZdxDq/jy+VC2iIGWOfkaazHc5prN+5waNtMPZzRikHFDRBHd5p6GXeUjoxQpaHRmtlbSGltM36GP7VHwz8WvujadwCDbjUHt/8AFG0t+5MciRRtivYuJV+uaxfJ2LzP6loXW1E/6T/XFDad4vbsif0kGhtmMesglTmppNrWMmnWjkakZXcsvA8PMPS4w5HSDStRPRs2Hr7pSeyupqK8ha5e3LYfGVHue4njt4nkkbdAH1J+VQQy3W9IRu5JOupNNYzDgVNNa3C8Yz9NaZHXtIw5jzGjjftIp5jNAAAAeYemZeB8xegnUKBkk4qzgXZ9jJPLoSMmjLJLOZ8kNvZGO6tnX63keGwJVHpDx+Y9ys6opZjgAZJratv+JtCVbDIQ4NJNfxABJkIHiMUNo36dqFG5Ghthx6y0kHIZobbszo+8vMUL7Z8vtxnnW5ZScNz6GjZQHgxH1qWzCIziTgM8OkdBHS4yp6cUKZgq1sqz6yQXEq6DgK2re/iW6lD/AA0OuO80BUUrwSLJG2GU6VZ3aXkQddGGjL4H3JtSYlo7dT2tSBxqyMhtwkqEFdNe8VdQG3mZPZ4ryo0aIzxFNbwNxhT7UbOD2Qy8mNCCVPV3co561G12MrJcB0PywfOI6M0wwSKxWKyBVlZPdsJHGIlP3q8uxCpt4e1jDEeyPDnWOmxmmhuYzDxJwR3EV1uTQes+4L+7NrCerAMp7IPDmaguriGRpZIOsdjktkUm3EHrIJF+lI8dzEksZDKRpTNYsxR1jDDQgjBo2lk/DTk1NsyI9mVhzwabZcg7MqnmMU1hcrwUHkaa2nXjE/2ogjiMf5GKkGoPQTVnsx7giSYFYx3d5q6vljHU22NNN4cF5fOgOjFbtbOg3FMzDVtF5UtKaU/n3YIrMQdBnSp52uJWkbv4DwHTZ3bWzYOqE6j/AHFXlhbbRRZVxv40Yd/yNSWjwOULyoR3b1BrxOxeN/qGaF9tNPajel2xdr6y0J/SQaXbsI9ZDInMVdXUd0Y3jOV3f8mTVaigluG3YkJqHZ1tZJ11ywLDx4CrvaElz/DiBSLh8zQQAVgVisVBCZ5VTu4k+AoAaADAGgpRSigPz+09qgyG2j3gnCR8cfkKtL7ZiRhAy/Wh5Nm7ovppR2fZP2SRyam2SvsTn6iobS9tWzE6MvepJGakgjuowJo8H+45GrnZs8OWT01+XGuf+VmooZpjiNCat9j5wZ2/0ipAtpFiCNanEsz70rljW5jzbSHqYsntPqeVKKUUBQ/PbQuuoj3EPpv/AGHQURuKA8xXURdy45Eigkidi4kH1zS3F+nZuQeYpdqbQTtRo3I0u3HHrLV/prSbetDo+V50tzsy7PrIix+LFPs62b+kPoSKfZcHc0i/3pkkQnMbDmKzWRWaCSN2UY8hSWN3JwhP1qPY8x1kkC8qW32bb9tw7eHaqO53tIot0eJqS43F461+LYyMCdDTkGmFHptIetkyR6K6mhqaUUooD89PPFbxNLK4VV4monTaNw00jKqcAvfj50dm2j9l2HI5ptkfBP8AcU2y7kcNxuRprO6TjA301/amVl7SkcxjoNEA8RTQRHjGtR9bB6meVPkrHH2NR7TvkI3pEkH/AJJr91xQ2wfbtgeTV5Utj2rU/wBq8o2X/aH7CvKluOzafsKO129i2UczTbTvH4Mq8h/zReabtyu3M1FEBSsFFTSk051zSyZFE0T0YJIAGpqGIQxqnfxPOlFKKAofnto3C3cm5gGNTpnvPjX4eLuBHIkUFlTsXMg+uaW62hH2bhW5jFLta+TtQq3I0u3cest3H0pNtWUmhfHOhLs2fuiNGxsZOzpyam2RGexOw5jNPsicdmRD9xTbOvF/pZ5EGnhlj7cbLzBHRisVigtKlKoFBqZ6kbNHWlOKz02UWWMrcBoOdAUopRQH56735ImjRt0niflTWMy8Cpo2868Yz9NaKsOII8wqrcVBowRfABy0oRMvYmkX60s19H2LrPMUu1NopxVH5Gl27KvrbV/prV3tCO9ijCAjDZIPRisUFoChWazTNTHobQ0p6ERpHVBxJpECKqLwApRSigKH51jTDNFa3aK00ETcY1+1NZwn2SORo2K+zIfqKNlKODKaNvMP6Z+mtFWXipHTjoxQFAdOazRNMaPQ44GgazVlFuqZSNW0HKlFKKUUPzxFbtbtbtbtbtbtFa3a3a3aMSNxRftTWsJ9kjkaNknc5FGzccGBo28o9iijLxUjziaPSdQei3iM0oXu4nlQA0A4ClFKKUe4MVisVu1u1u1u1u1u1u1u1uVuVuVu1u0Y1PFQaNvEfYo2idzEUbVu5hRt5R7OaZHHFCPpR8wjBq0h6mIZHpNqaUUooCgPcuKxWKxW7W7W7W7W7W7W7W7W7W5W7W7W7RjVuKg8xTWsLexRso+5mFGxb2ZAeYxUNg5mUyAbo1511ZoLSigPdeKxWKxW7W7W7W7W7W7W7W7W7W5W5QSo0rcFblBaHvDFYrFYrdrdrdrdrdrdoLSjHuW/vmtWRFTJIzmvLEvwr9q8sTfCv2ryxL8I+1DbMnei/aoNpxSnDDd+fm3M628LyN3cB4mrbakjzASYCnzL68NoqbqZLZ+mK8sTfCK8rz+ArytcDiv9qG2JO9B9qi2rE5w645UjpKu8jAisVin2q4Y4jAFeVpPgX7V5Yl+EfarG4kuYjI4A1wKuJeoheXdzujhXliX4R9q8sS/CPtXlib4R9qsp3uYjI4A1wKu9pvDM8ap2dMmvLEvwj7Va7SmuJ0j3RqddPzhAPEA1tBFS7mCjAyKTtrzFCKJkXejU6DiK2nbRwTr1YwGXOKBIOQasGZrWIt5m1bnrZREp9FOPOgSCCK2fcCaEKTqv7dJAPEVtNFS7cKAAQDS8RzqJVaGPKg+gKutmwTqSihH7iKdGRmRhgg4NWt1JBICDUbiRFdeBHRfxo1pMSoyFyOjY6KZpCVBwnTcWcNyhDKAe5hxFXNtJbSFHHI9xpWKMGFWV+kihJCAfGr++WfMECBsnVsceVWeylAD3Aye5P+aWNEGERRyH53aI/wAZL9P2oYBB+deViAAIxoKuZ3uZN98cMACrWxkuW7go4mkRY0VFGijA6by4FvAze0dF51bWTXMU8h4+z8zRXBwas5zBKpzpQIYAg6EdO1B/i2/StAaiofUxfoX9ujaaAXb/ADANYrZhJtRn4j0X38pP+msVsf10v6PMngjuIyjjkfCrm1ktn3W4dx8aGnfWzHt0f0gN88GP5/an87L9P2pO2nMU9hbTRAdWFYjRhU8LwSNG41FWl08Dgg1DMk6B1PMeHTtGdrq56uMFlTQAd5pLi/iRUSKQKOA3f/yrhZmYySRMuTqSMZNAkVsu56yPqydRw6dr/wA436Vpe0vMVF6qP9I6NpSiW7kIOgwv2pQWIA1Jq1h6i3ij7wNefRffylx+g9GxfWy/p8y7vYrVfSOW7lqOK62nLvucRjv7hyq8spLR9dUPZalYqcg1YbQDARyHkfD87dXn4chQmSRmrktcTPKVxmhEVIOKtr6RjHEUB1AzV/Zi6TIHprwowEEgiraaW3OVNW0zTxb7LjWrq/kO/HEuO7PfVqxtpesC5Pzq3lM0QcrjNbQnQh4DHnTjXUmod+BwykirO5e4DbygYxqKurkW4X0ck1dM1zMZCuNAKERBFRbQljQKUBwMCptoXEilVAXPhUdnNMfRQmrLZqW5Ej4Z+7wHTdXxljkjVNGGMmupNWkj2rllFWs7XCMxXGDipZBFGzkEgVLtKdgQihfnRVnfffLHOuasrkykRiMABe6r25Qb0LRbwxrmjDroKWNlORUF9NEoU6jwNQuZI0cjGRnH5udIjqy5bGBXVj4RUdqhGXH0rdt4jlUGaaWR9FGKFqWOWx+5oWsI4rmgqqMKAB8qltkALKKjjhI1iJNB1QYEZAHyqURuchNe8mhFvHAWktIwPSGTSIiDCqBTxRyEFlzTRKGYAd9JErOoIr8LB8FG1j9nQ0WmjON6lnPtL9RQIIyOhrWIjRcGjGB7IqKKNmwy8qRFQYUACmVXBVhkGjaw/DijaD2SPqKjVYjnqcfMa0yQSHeYAmnRN47qYFdWPhpLVMZcUqhQAOA/NE4oqScmliHE11aUUpN4ebu7jZFNvNxoRZpVCjA8wpkmlTDA9Mi7xFblRrujpdMnNBKByPMJxTAsa3KVNzXANZ/N4rHTgefjzsVjpwKx5uKx5mKxWOnH/wACf//EAEYRAAIBAwEEBgUJBwIEBwAAAAECAwAEEQUSITFxEBMyQVFhICJQgZEGFDNAQlJysdEVFiNDc6HBNDUwU4LhVGJwgJKisv/aAAgBAgEBPwD/ANXAjMGIUkKMsQOA9vKrOyqoJJOABWlWEVlCqSIrGT6bvBB3YrXdGfS59pATbufUbwP3T7d0CyRibpypI3IuckeZ6DDDf2RhnTaR1ww8xWq6XNpdyYn3od8b9zD23p9hNqE4jjwFHbc8FFRWS6farBYKueLuSNpjQ6zH8Ukv35qwfc6e8VqOnwalbPBMPNW71bxFX1lPp9y9vOuGXge5h3Ee2Y43lkSNFyzHAFWNmllbrEN7cXbxPTbPsTIe4nHx6PlJpzX9nmKNWmjOV8cd4FOjIxVtzDiKwa4e1rDTtTcrPbxsu7c9RG+i+muC58NgCo53ZlUgbz0xP1kaP4isCvlFoodjPAuGNEFSQRgjiKBI4GsjvFYB4GiCPaWkWHzyfacfwk3t5nwpHZMBDjlXziXvIPMU0gcb40B8QMdOnyZjZD9k/n0XEYljKmtZ0kuGuIV9de2o+0PH0A3cRkUVyMqcj2gqliFUEknAAqxhFlYxJLsrJxKLv+J8aF0nepoTxnvNKytwOemzfYmUdzbqzRq5jwdoVreldWWu4F9Q75FHd5j0ASpyKIDgsvHvHs/QrRbQC5kiDSsPV2vsD9aZreQ5e2XPka6myb+W68jXzW0PCVxzFdUsRIV9oHfnpBKkEcQaVttVYcCM1mpF2gaZB6ykZFaxpRsn66IZgc//AAPh6CsVIIpwCAy8D/Y+zdItDd3iJ1bPgbWAN27x8q3RnZYgGgyngw9O0faix909BqVd+aliSVHjkQMrDBBrVNNk0+bG8xN2G/wfP0IjklDwb86IwfZdvA9zMkS9/E+A8asYdPs7UQQO6k73crvc0bGFySt2PeK/Zsn2ZYz78V8xul4LnkaMV0nFHHo2j7MhXuYdBNOARRq5t4buF4JhlW+IPiKvbOWxnaKTmrdzDx9CbBYN94A+y9LtBDCHOC78T4DwpBQoUHYfaNCaUcHPoq2wyt4GtrIBFZNEE1IlYq/sItQgMb7mG9H+6auIJbaZ4ZVw6nB6WGYoz4Ej2VoejDUZOsnYLAp8cFz4Cru2umVIoYlESjCqpGAKNpfR/wAt62rlOIb3ihcP3gULjxWkkVzgA+gTXGrY7US+W6sVimApqBrV9MTUIcqAJ0HqHx8jTo0bsjqQynBB4g9A/wBOP6h/L2Ta2zXUyxrw4sfAVFGsaKijCgYFIzLwYjkaWeYcJGoXU3e2edfOAe1Ch9wrNq3ath7qZYBgxKQe8HpJoCgKtWwzL41ms0acdGa1vSvnSm4gX+Mo9YffH69DHEMQ8SzeyACSABkmtO0s6bbtPdqxkkXdF3KPPzo3MoY4TA8CKW9bvjFLex96MKW6hP2sUJYzwcUCDwPSTQFDoRth1Pn0mmo9Ot6QfWvLdP6ij/8AQqYYJHcoC/D2P4Vo9oVIu23EfR/rS310NxlyPMA0Lst24Im/6a2rN+3ZJ7jRt9Nb+W68jR0+zbs3DDmKOlg9i5Q0dNul7Oy3I0isihW7Q40egUOmJtqNT0mmWgKArVrtYLWUA78U8EzW4mVCY1bDN5n2PaW0t3NHFEm0xPIAeJNXM8NnsRA7WAAQowBSajbniGHupLu2bhKPfupJI27LqeR9AMw4Ma3neTR6BQ6bZu0vv9BhQFXt4tqh8avLuS8lVM7gfia0y2RbXYdAVK4IPfmtW0xrCXaQEwufVPh5H2KiNK6oiksxwBWh3ZtL4BhukUowNSQaZMSXtnUnvVs0dL0x+zPInNaOhwn6O9T37qOg3Y3o6NyNHTtTi4Rv7jW1qEXaD+8UL64XtKD7qivjI6oY95OMg9JoGgemJtl1rPRmmNZxkngK1i53kA5duA8B41pGks+JpRgd1KAigAbhU8MVzE8UqgqwwRWoWElhOY23qd6N4j2JolsoSa7dT6vqhjw88VqIiS6MkEgIY7W7uarK5F3bpJ9obmHnQoUDjgaWaVeEjfGhdzji2edGdW7cEbe6nW1OGW3COOBHSR0A0D0o2VBrNZrBatU1BLdOrTe54CtO017l/nVzvUnI/wDN/wBqGAAAMCs9GowW89nKJ9yqNoN3qfKupwBTJiiPYGl2K3s460ssKnLlePIVdWdpcRJDDc9UijCpsmpfk25B6u6ib30UltJnhlBVlOD+tImpKivG0pQjIIJINC+1GPtb/wAS0msTDtwqeWRSaxEe3Cw5EGk1O0bi5XmKW6tn4Tp8cUCDvBz6BFYoGgazULZBHQFrUtXitwYYSGkPwHOrHTXnb5zeZwd4U8W/QUT3AYA6c1q11tutsp3Lvfn3CmpxTCj9ejQyOiAgFjjJOBVtbJawpEndxPiem/sEvEyMCRR6rf4NWGpXWlStC+0Ez6yeHmKivkuEDhYpFPeVorZSduxTmDim0/SpP5UiU2iWL/R3ZH4hTfJ6Q/RXMbe+rOzks1kSUesX9IisGsmomIcVPdW9qm3NIF8u81catd6lJ83s0YKfDiasdIitMTXJDy8ccQD/AJNNJtGtqtqtqrm5FvC0nfwUeJokklmOSTkmnNMaJo/XtF0QiJbyXYaXjFESN3mav9N1iSVpCj+40f2xb8Wm9+/86XVdQj7aq3Nf0pNccdu2HubFXF9p96gE0ciMODgAkVDcy2MpaCbaXkcNzBqz1i2uMLIRG/n2TyNcv+Fipp7e3GZZVXy76uteAytsn/UaiD30+1czPjiateot4gsMaoPz8zRkL0KxWKAq/uOvn2VPqJuHme80xp2pjR+vaTY/OZetcfw0PxboWSROzIw5GhdT975/EAaaSJ/pLWJvdimtdLl7VmV/CabRtKk7Msicx+lN8m4m+ivU9+6pPkzerkoUbkaa11ixH0cwUfdJI/tSatdru69uTANUetXHesT/ANjSSROBsyoeTCtmtk1s0zxJ2pUHNhUmpWMXGdT5DfUuvwLuiiZj57qa71e7HqRmJD39n86ltCuWmnLt4CobXrH4bqFigiRlG8Um0MClNA9N/c9RDhT677l8vE1wFO1MaJo/Xba2mu5kggQs7HcKmjk0m1W3hVnk4s/dk+A8KGr38Z9eNDzUik17/mWx9zUmtWbdrbXmv6UmoWT8LlPecfnSujjKuDyOegUCRwNCR/vGpre3uPpoEfzI31Jolg/ZEicm/XNNoAH0d2w5rX7FvF7N6P8A7Cv2TqH/AI4fFq/Yt23bvvzNLoKfzLt25DH5k0mj2EfFXf8AE36YpY7e3H8KFE5DfU0xOaZC5q3hAxuqIDBXxFPFsmgKFCsgAknAAq5nNxM0ndwUeVOadqY0T9e0m0axi28lZnHrEdw8K+dT97BvxAGmeCT6S0ibkMU9lpUvatWX8JzT6HpknYnZPxLT/JrP0V1G3vqT5O6jFvVCfMUYdYtu+Ye8mhqepxbmw34lpNelH0lsp5Eio9etT24pF+BpNWsH/ngfiBFRzwzfRyo34SD0ZrNbVFqaSnYmiuaSOo1xS7sU65FFcUB0alcbKCBTvbe3KmOKc0xon69YmOGdJZELhd4HnS6nbNxDrzH6Ut3bPwmX37vzoFWGQQfQV2XssRyNC6nH8wnnv/OjMr/SW8Tc1xTW+my9uyx5qafRtJl7LSIfMU/yahb6G9T37qsdKl06eVpCDtIApFZrNE0WotRyaxWzSLSihS71plrFSSLFG7twUZqSRpXeR+LHNOac0xo/XVFIcUHoPQbHA0t1OvCZ/jml1G5HFlbmP0pdTb7UQ9xpdRgPFXFLd2zcJQOe6ldW3qwPI9GazWazRNE0ejFYoLSih0IaNEVqU+24hU7l3tzpjTtTGifrwNBqD1t0HoPQeg9B6D0GFLcSr2ZXHvpb+4Xi4PMUupP9qNTyOKXUYjxRhQu7dv5mOYIoOj9l1PI+hisUBSih0A4IPRdzi3hZ+/go8SaYneScknJNO1MaY0fr2azWazWa2q2qDVt0HoPQeg9B6D1tVtClmdeEjD30t5OPt55ilv5PtIp/tS36HtIw5b6W7t2+3jmKSSNuzIp5GgPQU5UVqFx185Cn1E3DzPeac07Uxon2Jms1ms1mtqtqg1bVB6D0HoPQeg9B6262hSSunZkYcjSX1yv80nmAaXU5hxRD8RS6on2omHI5q41WIW7rEW223DIxiutFM9M1E0fZOazWazWa2q2q2qDUHoPQeg9B6D0HovUslbZrbot7QzWazWazW1W1Qag1B6D0Xpzn2LpWlR30ckskhADbOBX7vWv33+Nfu9a/ff41+71r99/jTfJ237pX+Iq60OeEFom2x4cDRGPQsrVry5jhXv3sfACrvQ4Et2MIPWAbiTx9DStOS/aUvIQqYyBxOaHyftPvP8a/YFn4t8a/YNl4t8ab5P2x7Mjj31PoEyAmKQN5GpYpYH2JUKms0DSaBDsrtTOT3kbq/YFv/wAyT4iv3etfvv8AGtUs4bKdIo2Y5TJzVnb/ADu5ig29nazv48Bmv3etfvv8a/d61++/xr93rX77/GtUtIrKdYo2Y+oCc1Y6JDcW0c0krZcZAG7Ffu9a/ff41e6Na2trNMHfKru39/1wMy9liORrS5HksLZnYlsEZPkaY+q3KmubhJHKzyD1jwY1o15Ld2rGU5ZH2c+NHeMGtWREv5wnlnnj0NDs+ot+ucevL/ZaO8EGtYs/m1wXUepIc+/pDMvBiK0eV5LCIuxY5YZPkaJ3Gp5JEuZyrsP4jcD51Zazc27qJXMkfeDvI5GkdZEV1OVYAg+Rq9s4ruJlZeR8DU0TQSvG3FTjo0maVb+3USNhmwRncRis1r8jpaxBXIzJvwfKiSeJoEjhVnqVzZuGVyy96E5Bq0vIbyISRNzHeDTAMCDWp6U8TmWBSynio3kcq0rTXtcXFxIVIG5M7lHnWoa62TFaHnJ+lSTTSkmSV25kn67pJxp9tyP50SSDR0FCxJnbefCrS2js4uqjzjOSTxJq91KKzXeCzkeqtSyvNI8jnLMST06daG7uUQj1F9Z+Qq81JLOe2iwME+v5LW1V/bC7t3QjfxB8DTKUZlYYIOCOnRTjT4vxN+dFquf9Tcf1G/Po0eQtYQ57iw/vW1WtgC+OO9AT0aX/AK+2/FW1WvnNtD/V/wAH0LW7ms5RJEeY7iKtL2K8iDxnf9pe8Gs+Va1HdyxAxserHaQd/wBf0b/bbbk35mm7J5VFq97BOS0zOgY5VvCoJ47mJJY2yrCr2ziu4mRhVzbSWsrRyDkfEdOk2q2VmHkwrvhmJ3YHcKms9LnkaSWWNnbidv8A71bmBUWKKVWCjcA2SB0a5ZdVKJ0Hqtubn06F/t0X4m/OjwNXP+puP6jfn0aTC0FhArDBILEfiOaJCgknAFX9wLq7nlHZLYXkOjSv9wtfx9Hyj/00H9X/AAfQsNNnvn3erGDvc/4qWey0WARxrlyNy97ebGrDUIb6LaXc47Sd4ogMMGtV0ggtPbr5so7+X12w0754jSNLsqDjzzVqEtYI4VbIUcTRnBBFXmlwBZ51lK4BbHdmtK1E2Umw5/hOd/kfGhcAgEGruC3vF2ZByI4ir62S1n6pHLDZBqy0mGMxyzvtsMHZHZq8RLyAws5UEg7vKryBbadolfaAA31o9o6mO767Z44Ud44EGuvFT9VcRtHIAQRWo2UVmY+rkJ2s7j3YqwsfnjPmQKq4z476s1SzgSFWJAJOT5114qfSbaaVpBIyljkgVb6TZwuHbakI4BuFS38EAzJIq1qOsvdKYYQVjPE97dNlpaW0sUzzZdDnA4V14q9iivYhG5IwcgjuNX9olnIiLIWyuat4GuZkiUgFs7z5DNQ6PaRsDI7P5cBSyIiBEAUAYAHdWp2KQq0/zhnZnx63nWl2UhCXS3Gwc+rj4HNdfRmBGDV1plpcsX3ox4lauYlgnliVtoKcZ+t2sk49VHKpnJrrm++fjU19IDsxsedbd3Muy0jBTxycZpYIY97nPPcKa+VAFQk44Y3Cmvrk8HxTO7ttOxY+JOagvZSwV3PkamnuQ3qzhVPDJpkeRstKrMe8tkmoGmjUBpdwGAoprgqMlz8akv5ifUYgVJLJKQZHZvDJqO4lhBCPgGkndkUljkgd9S3DrGxVzkedfPbr/mmhfz8HO0KC28q7WwN/up7VeKN7jRBUkEUNxBpb64DDakJFCckAhz8annmVAUkIxxqSSSVtp3LHzpHaNg6MQRQvrkcZM0uoN9ra9xqV3nAHzjaAOQG3Ukl3CAiMwFRyyhRtyEmjORvLn41Jfyk4jYgeNOzOxZjknj9aUZNK4UYFPOeC0JpPGhKcDNSbDAk8fRL9YmDxpCqcKafFM7Ock+gsmFUeVPJlGHTE2yprralYM2emKUhcV1gNMME+gBmkIQYBrraeQSDGSK2fAg/W8msnozWT6eT6WTWT0ZrJrJ9DNZNZ9DNZNZ6c/wDsJ//EAFIQAAIBAgEHBA0JBgQEBQUAAAECAwAEEQUSITFBYXEQIDBREyIyQlJgYnKBkZKhsRQjQENQgpOUsjNEU7PB0QZjc8IVJFSDRZCio+IlNDVGoP/aAAgBAQAKPwD/AM6pJJrOXsc6DvT4+AZRuwVgG2NdspoiXujnHRJ1huNaToliPdRPtU+PWbBAmcx2nqUbzXbSnBE2RxjuUFamovE+CzxY6JE/uNlZ8Uq4g7QdoI2EePONhZyHEjVNMNBbgOXUMD6KZ7CYjs8e1fLXeKWSKRQyOpxBB8d7qee6BSSaFcewx7fvGnR0JVlYEEEbOXyhyE2Er9qxP7B22+aaBBGII8du00rNcrt8lOQdqdGA5NBOB4HlGaTm2kzd7/lnx0AAGk0qWwJWSXUZdw8iozwcUGrtg2nl1jTy/wDOIAIZT9cg2Hyh454XNwn/ADTjXHCe94vysOBwrE9Z0nl1HEenlZHRgyspwKsNRFXJulXt2iUFG31dJxhrMPlxuKtGJ8sL8ajcdaMG+HjaGlOKW8X8SU00s88hkkc7WPP0N2vMtHk2meESnDySdVWMV1Bgl1avZnFG2EZki4qayew2n5+I/qeg/wDpXan3SotZSgw74QFx7Vuz0zMPqnmwb2J801FIvW8ZhJqe1bwv2iVBN5jDEejxoE0o+qh7c1NEIkKRB5sR6EA1mmIx0YNpqROOFEeigTzNIrWAeZhImh4z3EqHWjV2j6JYm7uKQa0flimTasiBx6jUtk51/JJWjX0ppSrS7HVLGbWX0SQjNPpWrywdTollXOi9E8GIHpApby12PJhKh4SpT2Mnl9tGT5wpXRhiGU4g8CPGJIo11s7BQKN1LslbFY6cZ/cW0IOJ3BE0mp4nZA+M2AIB1YjZWcx31hwGFHk1KebpQ+481pLSUhbu3x0SJ1jyxSzW86BkYfDcRzcQakydcvpM1mcwN56dw9C8gGu5yeuEq75LcnT9w0XhRsJAmLID1SxtpQ0LSbZKNMLf2oMpGIYHEEeLyRxqMWdzgBXZ5NXZmBzPujWanuJye1t4xnMv3RoSvkyHVDAc6U+c9QR31zikBIz5Gba7sdJC0krsSWZ10sTUR4EimHAg1InFMfhSrxBFK4Ya1OI5uhhzmfJdw47Mn8Jv4q0skciBldTirBtIIPPe0vh3F9bHMl4NscbjQa2JwXKNsh7F/wB+IaYzvGihPaNpELNnROvXGwopOumW3c4SL/ceLgubod4p7RD5Zp8xz8zCiklv9KMa+Jo2kRH7JDnXD+e/ejctRwptzRpbidZoRwQRl5HOwCisfcQR7I4hqHR6iDWg84/IJXwt5T9Q573zD0AKkEEHSCDSJnHPlya5whkO0xfw3qe2urZ8HRu0mgbqYdW/UaWK90LHLqSf+zeLKxRLtO3cBtNPDAQcSDg7LtLN3q0pQHtryVcYV3RKf2jbzoovO/7S4kOdK/p5btMmQYSXFz2M9jlk2DHqXpdK6OfjKuiymc92P4TdD8kynEvzN2o9SSDalG3vItJTvXXZJEdqmtJwS3u29yOfFcS3LDFIFOk726hTCHPzIwqk6f4cKd81dih0MljjiX6muG2nydQoKqjAADAADlWKCJcXdqaHJ8bfNQ7X8t+RvXyKa99MOfrGPpHPIZSCGBwII2ih/wASgj0E6BcIO/4jb0JiuIsWtrlO6hf+oO0UI7uH2ZE2Om41jKBhaTMe7HgNv8VVkve+OtYeO+pbm5uTnxQY4PN5bnvIt9JPfZmaGC4RQL4EK7BzFit4Vznc1HHZxn5m3z8Pvv1tSngQeU01GtvP1HoGimhcPHIutWFKl9BgLmD/AHruPQrHlK1zntJvjGfJanhuYJMyRDoeORDQ+XWwAlH8RdknimDc6pZhqi3DyqE15MOyRxSdwin6+fyfBXW1NLczabi5fu5D/RRsHNxyfZSHOYappxt4LyyrwY0x84A1C/FKjPmkinHAg0wfHSGXDR0G71dBmTRN6HXarbjQBGiaEnto5Nqt0OkYJlFE2rqWWsXi0ldkkR7pTWdDNGHT09fiiPljDCVx9Sp/3UJrycZ9vFJpRU23E3kDYO+NNJNI2fPO/dzPtY83DKN6mlhrgh2txP0Hf0OfGcFnh2Sp/cbDSywyriOsHarDYR0AkilRkdG1MrDAg0THG3ZbRz38D6q+amBntMdh79PFAG8mUiJfAG1zTXMs05WCFtdzNrOcf4a63Ndmu5yHuZ/DbqHUi6gOdeTZUlfOuc6QPDF5FBqIoUp9PS7cD0TSZPnYC4i8Hy1pZYpEDRuukMp2joPn8mv2++CQ0ez2jrdw71HdrWMc8SyL94eJ3aoMEXa7nUooiMfOXDjTmJqCIOs6lFCO6liCRQ7LWAaViG/a52nnZ1xpWa4XVFuTyqYkkkk6cT1k0eYaavWKU1hiMeh1jov/AKfM3aOfqHP+w1iDtHPzo54njdfJcYGiWsbt4ZR4UeOafWKzmsLkiM9cMnbKfE5mtoX7FboPrHOgt6aD2dhNiTsub0a23pFqXnBb2Vc+5kGuGI6l85qif0EUPutUi+gGgvnKRUR+8KB4HHlNHotRx6PdZTP7oW6DCPKFoknF07Q0Qt9k9raTfLbaB7h4m4XN2CD1pFtNYXV3I1vZn+GAPnZ/uDQN9YRQRhFHxJ3nmhn7i3i2yytqWjLcTyGSVztZucRwOFSj7xoN5yg1A/oIoK5Ghg3Ra9HSAZQiT5qVvr0H+8c/TFdvCTukGNabLLML8EnGaf0+JgVEUsxOoAaTWHyiXMix1RxDadwGk1hGUFrk9Tstoj3fGQ6Tzru0sIC8Vks0ZQPh3UnFvo2sdG0csbh43U4FWGoilTKEKDs6bHH8RediYbuCTHic2tIs4ZxxjkFd3EjesY+JeEt62B3RLpNYT5Qm+QwnwY+6nk9C6KCxRRqiDqCjAc3OkbEQwg9tI1ZzHQqd6i7FUVhRoH0UKIojiKWh02o9IY54WzlOw7iNoNBJkIW4h2xv/Y7Ob/BPqkWtE2QJnH3WrXaRfp8S86O3It4t+Zr9ZrtMmW62Sb55O3mbmjPlJSCLbI9JJK+oBsAi7FUbBy40aNHmH10a049H3Q6XHDtZYj3Mse1TWckg0jajDWrDYRzO6MKj0yCv/wBWcn/uOa0i1i/SPErRBA7jiBorFbdZLuXHb2IZ/vavnrrOupt7zHO5ixQQxtJI7alVaK26fNWkR7yIf1bWeQjgcKl9JxpW85BULcMRTDgwNOnFKjHHEVG3BhzNI6PUemaSzlIFzDu8NfKFLLBMgeN11EHl7ae9hGHDFq0x5HsLQedIRWhVC+rxKOdc3CIeC9sa7e7ubWxThI2e3wrBUUKo3AYczGCBwb5x38g1RcF6OReDGnI36fjUTjemHw6XVo6YnJs7/l3Pfjd10GVgCpBxBB2jk0yXZlfgMBWi6y7Gn3LRMT4l6lllPwru7+5u24RKFHw5hiQRtnSBguYMO6xOrCruS3BOMlyQ7SuTpYatBrHhRHEUvroH6NrHT/MOc20mY6IzsjbdyYwZJsyu4PhX/wBvZvcPulu2x+HiX3FmnvY1oiyLLJwMkh5VSNFLO7HAADaaePJ6HTsM5623UaPMb11jxFIa9Rph6KHppT6en1H6ADLaQM8Mra5VQaEPlVhPla8wY+QTixrA3U5ZN0Sdog8S/wB1irV/h6LlHyG1bNmI0ieYf0Wo29Yo+gg06cVpAd+ikPBhzDR5hFE4YAY9Nu6fF5nUVoghW3Qjw5B2zehawRFCjgPEvQ9mnuJr9rkHD2DyYZRvUOka4Ydr8+ReDGifOANRPxXCh91qkX0A0q+cCKiPBhXq5NOOn6b2sQzYh5Rr5wY5h65G0k+iglxFgJY/9w3HxL0NFJETvUg0AD8otGPEth+qpbhoomZYYhi8hGpVFSw3kr5zxSKVMY71QDsA6Z14EipOBOPxrFmOnZ9L1128nuFaEHravm4wQN52msyWNtHUw2q2412/cywnXG+0HxKxNvcqSdz9rXb2GU4px5rjT70pJbyeEOm1YlcYh2p5JZGLO7nEkmmHA1jxANIfdR9Bp14jGl9OilPA/SNnSjPI9QrSQcN3WeXOQ4CeHZIn9xsNCSKUYg7VO0HePEntpoGC8dYrTPbPGFP8WPt1HrXCvnIpCvbNpKnSuvdymjRo8rjgTRPHTSN6MK9Rpx6MaA46KQ+n6b81FpY9ZrBQMTuFaeYXsZjhOm1PLWlkjkUOjqcQQfEjOJYJDFtkc7BXzN0EvbduOk1hBcqHj4P2yj0aRTDgSKf06ajbitIfNOFOvoBoLxBFRngw5ho0eU4BSfoGvR0eLudJGwVjsPW7UCAe3Yamb+wrXzT8gmftHP1Dk/oNYg+IyoiKWZicAANJJoiygxjtE612yHe1Z15khjJENrW7axXztsSyH/Lc4/8Apb41gdTDqI1jnsOBIp/Tp+NRtxWkPmmnX0A0Fx8JSKiPBhyaSPpWdM5AVRWN1IAZG1lcdSjeawnK4Pgf2S+B5x29BoOC2c7H/wBpv6Vx8RZoraUBSkD5ksvkLxp1jLkojHEquwE7TUnYwcyYDTnRNrpZLC9Ts9uRpVo5B2yVjBLhg3HuWPwO/pmHAkUzHDAEnH6Dq6DOmfQiCla+dc7BtIgU7T5W6v8AmsCQDp7Dj3zf5h91EknoD8lt8Jrg7gdCcWPiLmxoNCjSztsVRtJorGuIggB7WJaNGsHXGXJcrd6+sx1hJGzKUPXtXg2ynEbjOicEjOX+41Gn9Omo24jCh6GqRfRjQHnAikPAj6Tr55luZCAiKMaWXKJw8pbcts3ybqzrvEknHOEJ6ydsnwokk4k9ePQEk6ABrJOwUPlMuEtyfLOpeCjxEEUEMbSSyHUqrRSzRitrAR3CdZ8o1G3rFEcCDRXitKkkbq6MDgysDiCKT/i9rGBOi/XoNorMxJIkI0xSas/Dq2OKwliODrr16QwO1W2GjRo8rrwY0x46ajb0YV7LVIvEY0o46KQ8CPo+is89/MdCIOsmjPduCJrsYY71jx1AbWoNNpDzrqTHWI952v0WNvZMMzHU8+z2fEXGCF8b117+Qao+C87MljPoYbVbcazLxADeWY14+EtLBPECLedhojx1xS9cJ9aGljnj0SR46RjqI2FTsI0GnHDA1mnylqM+nlNGjR5O/B9Wn6Nh1DaaNhkoai2iSfcgpLHJkeh5G1yHeRpdj4IpooD3RP7SXDwyNnUo0dFnTTSLHGN7VisKYM3hudLOeJ8RJrm8cZiGMA9hB1yHhRLliWLayTrx55SRfUw2qw2ilt8qIuNxZk6JPKSpIXgxWGcLjLbHwSO/i609VKGdc6GVDnQzp4UTbd41jlZeBwp/TpqNuK0p4GnX0A0o4giozwIrrAP0PXQAGsmnuZtrAdom8mhlfKxPaxJi1vE3+8ihc3Q0LaxthHHucrq81aBzRmxoozUjXqVRqHR6XzorQHq1PJ/QeIgFYWwxWe4X67yU8jkkH3qDecoNRtwxFSDgQaK+cpqM/eA5HjlQ4q6nAiks8qABYrsaEl3PSz2crY5jE9jc+HE40o+8VJe2qjF0w/5q3HloO7Xy1oMuwjT0BI3n6FgKku7hjgscalqzG0FcnWpDS8HbUlQ5GyeR2lrEMbiYdZGhjxbAV8miYZrNjjNIPKfYNw0dIQJDjK/gRLpZqCQxRrHGg2KowA8RMyJGMdzOO/I1op6qQ6Nh5DyGjysvA4VJ6Tj8ajcb1pb7J7aDGWxdPMJrs4Ttjblsy4hp7G/765hjwzj/AJ8OgN5y4Gkltdl5bEyQfe2odzUGU6iNI+jKo31PdvqLKvaLxOoVny7Mn5POe/Bn1CrX/Dtk4/Zri99OOHdn3CjAdt7c4S3J3oO5jp5JXOLO7FmJ3k9Lhd3yht6Q60X06z4iYZQvUIBGuGLUX5WHA0TxwNRt6MK9k0y8VpPhQO8cho0amgnQ9rJGxVqE+xb6AZsq8RSXkRHbIrhZQPBcbeBqbJt1tmtF7Fiet4WwU8VwqLKKeDH+2A3xPg3qxpQ661ZSjDiDTDzTUicV/tUfpOHxrHpVXianu5TqWFC3wqyyNB13Dgy4bkXE1fZcmXXcXXzFotRiJNWTsjoAg3NJoWocmpq7Knzl03GVtX3aeSRzizuSzMd5Naelxs7bCW46iB3KfePiJhHCuhdrue5Rd5rGad84jYq7EXcOhIp/XStxWkPDRTDhgaA4gikPA1LBKuqSJire6rbKkHW6hJalybPsinGKA7jVrli2Hc5wE+jdnYOPQavcnS9SHskfsTYH1NVjL1LIzWz+qQZvvq4ZPDjTsqe1HnCuxlQBmyAoRhxpDwIoc5B6RSk9S6av7knUUgbCrawQ9/eTpHUbttgydC0rcM44Cri5Gy5yxOIYuObioq3tof8ApcjW/uMhzRUbSf8AUXzm6l45uhBUsqjVGThGvBFwA+gEsxACjWSdgofKZPnbo9ch73gviJLNejF7eKKYoEJ0Z8lFhUi+gEUo84EUjcGB6VhwJFE8dNRtU0J64pCKiuk8G4iDe8UIHOt7aXM9xwq7sj/mR6B96OslXw1BJ3VifRMDWRbseFCqAn0xMtXKb4J51/q1ZfjPkXDn4pX+J/xf/hX+KG/7v/wr/Ekg33B/otX7Y/8AUXzAV/h610a7u5MmG/Sxr/C9hq0WtssrD3Gss3fkW0Yt099PcP8AxL+5eX05qYVBYp4NnCkJ9oYtUkreFIxc+tvoeNvZthDjqef+yeIiy38qfMxbE8t6eWaVi0jtrJo0aPJIvBjWd5yg1G3DEU68CDRXzlNRn7wrHpmUjapI+FXSr1CZxV7+M1Xv4zVe/jNV4R/rNVw53ysfpGdNPII0G87TuFdpAmBba7HSznifEMNL3FtF/ElOoU000rlnZ9OJNRt7qI4EGs3itJ66HKaNHkdeBIp/Tp+NRuN4wr0q1SJxXH4VHwJw+NK3A4/Y3byhorXcmp38Q1SONS7uxwCqukk0wsoMY7SM+Dtc725xHA0x46ajb0UN+Bpl4r/ak+FKeU0aPIQd1Sj72NI/nLSHzSRUq+o1mnygRQZTqIOj6eQrHOmfwIl0s1BIokVI0GpVUYAeIenQb9wfVD0pFP6TjSNxWlPA0y+jGlHEYUh4HkNGjR5PqwTxOn6fhd3wV260i1oniJZTsxxLPCpY+mmh3wzOnuJNXkW6RUlHuzas5tzh4jXZt8EqPV5DhrLwsBWnpnHpoNxAqNuGimXhgaA84YUjYDHAGtAAH0fXz8bO0wln6m8GP0+JRq0m/wBSFGPrIpIj1wu8dX0O5syUVaybpY2j+GdUU++GZT7jhV7FvMLEesVmnqOj7LLOzBVUayToAFDs7/O3LDbK2zgurxQIq3mH+ZEr/EVAh64S0X6TV9b/AH1kHvFQtumiKe9Satrgf5Uw+D5tXqAbREXHrXGmQ9TDA+/7FxgtDmweVP1/c8VyKimHVIiv+qrUHrjBiP8A6CKvbc+TKHHqcUNwmh/qhqzuB5E2afU4FXmA2onZB60xqSM9TqVPv+nZ0s8gRerTtO4V83AgXHaza2Y7yfF5JB1OoYe+rMk7Vj7GfWmFXduf8ubEepwacbpoQfehqxuBukKH1OKuWA2xAS/oJqaE9UiMnx+kfOTAx2wOyPvn9PjKGHUwxHvqycnb2JVPrXCp4D1xTN8HzqnTdLEr/AirGccWjPvFSyAbYWWX9Jq5h/1ImT4ih9AIjJz5nHeRL3RoJHGgRFGpVUYAeNeI6jVlLvaFcfWKeE9cMzL7jjV1FukRZB7s2rObc2dEaMwG2GRHq6iw8OJgOjwu7wCR+tI+8TxyOFWs3nwqTQi3wyMlXkO5s2QVbSbpEaP4Z1Rz74ZVb3HCryPeYmwrA9R0HlxtLTCWbqdu8Tx5NW8wP8SJW+IqJCdsRaP4Gr2A8VkFGQ55eWUjAyMf/I9uhPbvmyBIGdcavfyr1e/lXq9/KvV7+Ver7HdavV8DvtWq6TjbPUcZ6pYpEq2uVwxJhkD4dGqIoxZmOAAq9u4YpCqTpKqLKBtANSWd1aTZk1tK2c4B1N0E+fPGZEEURk0KcNlZVbhaNWWn4WtZdbhbVl38AVl78AVlxf8AsCsqw73tq7C3VNDIlWdyeqOVS3q6CdXnjZ07HEZNCnCr38o1Xv5RqvfyjVe/lWq+/KtV4ZrmYRIDAygu/L2qKWPADGr38q1Xv5ZqvfyzVfflmq+/LNV7+Varrs9zKI4s+BlBY8jCC3iMkhUZxzR1Cr38q1Xv5VqvfyrVe/lWq5a5eN3AeEoME+1nEgg0Zuur4dZbOq49urj26uPbq4J3MauvWauPbNSniQfjVtOOqWBD7wAauMnTg9rPaSEgHzScfUaGUslyEIuUIhjLH51JNBKgeORDirKdRHQ4Sz6ZtychKRlbPKiDv4H0LJQZHRXRgcQysMQRztOaavRGJ3zcM7DDGrn8RqufxWqf8RqnLEgACRsSTV+Pbq7Tizirj0yE1BMOqWFH/pXYX2S2khjI+62Ir/iMH/Q337TguJ+Bo5MyjoXsM5wR26kfm96avRGJ3ze6wwxq49urj26uPbq49urpj1KxNXSpA8V1G0ik9tA2dgM7lnWQznHsVXaecSKn9urj26uPbq49urlj1KxJq4HySWK6iMik6Y8dAx5LlfmDniLGrlT1FiKuPbq49urgnqDE1N2WzMqoJBpZZ1A1n7WBB1g1AwPWgpY1uQQ6jQMRykELKQRsIQ1A7vYW7OxQEsxQEk1Bp2qMKY2wPbxnWvKJIZBmzQt3Mi/36jRkto40vrBm2RS6CvQARwoWNEmVyV3LyYwTIYp160bbxGsUDc5N027fxbVtXPgPFBSQuZMxwowB5f3mL9QpGYxyYkgE/tGq2Yb0FfJpdjxUZbUntZhytMgGCTD9tFwPfDcaE9nPoyflH4I55sJ4oKSGUS5j5gwDDl0uyr6zhUOezSqWK4k9jcpjSJ5qgHlVtzDHCoHDA44oBReDW8G1aIIOBB1jlNtPLmGGcHNweM4hGOxWqKzy3CM1lzAi3GG1eSNsBpaQA4D01D2aJ8ZZ0GFM7scFVRiTRjQ6RAuuoBh3zLiaRAdiKB9sd83L3kv6DX/h1v8AoHICPk55naR2b2w3lpc/oPLn5hN1kph2RB9daPoZTwoPBcRLJG25uf8AvPL+8xfqFao5f5h5Q8UikEGu0xzoj1ry4QTHtW/gy7HHwNY5QyXL8lnJ1sB3D8395Xl+vj/VX1tz/ObnaKUSjTLCNTUVZTgQdBB5TBdQkG0vQSGjK6lcjTm9R2UbfKVrGWMuHaXKLt3NRittTPtamkkY6TrAx2mlmvCNLnvftva3L3kn6DVgjCxgVg06AghBWTl4Tqx91SObjtRIyFAV61DYHDlLyOQABXb4Z0nnHngBFOYDtaiZJXLGjhcKc/ccdHKGAxDqdTI2hlPEUTC6td5Lc7Y30vHz/wB45f3iP9Vakl/mHmaQxjPM0X+S5I5d81oRgfUeb+8Dl+uT419bc/zm6ALONLp4dFXU4Mp1g8vaYYau2zfBLa83dUVrFPKI0eVguex2LjQzsO3k2k/bgUacCxqL2xUXtioSVx0FhgcRhWS/Zx+JrJ8J8KOOMH10jMdbM4JNRe2KigW5IzJFBaPA7S+oCg8pAPZT0CCODTIM4DFqDxRMGkKnGhgE+b3ECkSSNiCGIBqL2xUXtioxf5Ok+VWhDAkhdLx0MyePFk2o40Mp4HnBR2fWai9sVF7YqP8Abx98OugcEl/mNzAMLgaTUXtiovbFRe2KRxEbsnA46GjA5oA7ONJqL2xUXtio/wBsnfDrr625/nN0OFwvdqBoakjkU6VZgDUXtiovbFIYscY5Awz4W613dYpWzgBY5RzsUlTUFc/bnftyq64SEqwxBzUJGNZss9nDK+YcAGdQaeaBNMkR0svKZbRziyd8h8OM7Grs2TJ//wAdfHUnkNzxn5pWIbS5rOllkLMd7Va3hfNaW5a8SPObaAOoVZ/n1qCyuYwodUuEmEynbo2jlweNgynhWbk3LHz9n1RXA7qLnfvQ5f3mL9QrVHL/ADG5mmW55mBkZ0i5v7ynL+8R/qFfWXP85+gCIoxZicABWnSsk1ST3MzcSSaMcsZwZTyl7VjipXS8LHv0/qNtCS1kAFhlHWpXYrn7b79uXvJf5Zr/AMNtv0CgVYEEHSCDR+QzucfIblLWkpxbDS0T7JE3jaNooE4D/h16TisybEJ52NtaaNzPRmEWAemp6ejFMACVO/lKTrILiycaCs6acB53xoC5T5q7j2pMuvm/vQ5f3mL9QrUkv8xuZnRWi4N555SzyuBo2DaaGbDGAd52nm/vScv7xH+oV9bc/wA9+esaKCdJ0nCjDZjRo1vROnt5D3KUJbsjt5zQiv4wcxx31GOVDgQdu8cpktHOJA7qJvDj39Y212bJkgwsco6xGOp91KyMAyspxBB1EH7YsoZE7tJJ0Vl4gmorlQzkvEc5eUBWcoSdmeCtJY5QsFFu4n7RXEegENVlNK47VI5kdjwANB4pVIINEwMSYJNhXlIhzs6KVRi9u52jrU7RTPEABbZTQGQOnl1Z3DuCVSOUFiB5Ovkt7aMnANNIEBO7GuzXE6lUkwIXDrWs52JZidpNR2dyjowml0JPnoD3VWlw4XOKxSq5A68By2M17ADnRRTIzvGOUhlIII1giuzW8wCZWslP/urUETkaYbgiF19qgQRiDyWtsWUsomlWMsBtGNQXR+VAOYmDgHlwVJkY8A2NPaCG4mNtc5heN4pXLjHCsm4b5gKjuJdkVqjzufYoxSuCF7KQZhvYLoSizuxZmO0nkaWVjhgBoHGhJfSDt38DcOba2xdSyiaVYyQNoxqC5b5WgbsLBwOXQkqMeAONC1eG7mktJn/ZvFO2eNNWMjSHBFSdCzE7AOUAAYkmrDHqWYOfUuNPpHay3CFM7fHF3TenAU/Y8dCE/Gm7BBC00oTuyq7F3mrODFBnpM4ilx8oNUNxGGzc6Jw65w2YryZMivIwTHKJ0oZ8TlG4jlE1rIcXiJw0+Eh71hT5VyFjph1TW1R28h1xXQ7ERVvchCA5hkD5pOzR9qhZoYCyEjHA1k+S6mOdJM8OczH0ms4gZq6gFUbFA0AUKHJa3WAwDTxBnw84YGrOB8nzl5DHimMbxsvIBIATFJtVqKOhOB2OOsUKFK0JOJhkUSRk+a1WsJsjMk3YsUzkljwHJA8FpPjBnxKxjJGsY00kja2ZsSaFWtyqLmp2eMOyr1BtBwq2giNtJayrFiMXzww0cixvJPmNiMQVqztg6lXMEQVip1jOOJwNChQpo5BqZTgasjNcI6xzZgjYSYdqSUoZyRIpw6wMK1AmrO5a2lkiheaLPKpnUM1BgiKAiID4KrgBQoUKSSJe5jmRZVXhnA4Vk4Hr+TJXY0OtIQsQ9SAU7E+CpNXLY7SuaKEKbYo9LUkfW+tjzdQJqzuWtpZIonmiziqY0uYmOZGgCIuPUq4ChQoVb3EaDBFnjEmaOoHWBVlDNZ3MF0HjxTtI3xcazyqjSzFHDDEFTVra74IVRva0mi7trZjiT6TQoo66iN+sHrFZNc9Zhzf0kVGkVzdPcwqhxzY5AKEcrXARsRsNZOicHEOsALA9YLk1nOxLMxOJJNChQpo3GpkbA1Y3B8KSFc4+lMKhjhygYJkSPYVTB/tWMxyaHV1zgR1Vk0gddugrJ/4CVk/8BKsPwErJyDfAlZN/LLUEEjqFdo0CZ2G4UBu2195qt7lhqMsavhwxqwJ3W6Vk9R1tAlZOBOwWy1FbmXDsmYMM7CsGw0HqqyuZmOLu8Kl2PE1YAjWDbpWTlC6yYErJ5G0C2Wkt43bOZE0AnkhmiU4rFLGHUHrwNZOfDaIErJ/4CVk/8BKsWO63Ssmrwt0NWq3MbYpJGgTD1cmYTtrJ7uTiS1uuJNZPxH+QlZP/AAErJ/4CVk/eTAlZO/LLVh+XWrE8IwKhj6j2Jaiw6guA91elTWaeptHNIzhhiKyezMcSxt1JY1k5k8JYErJ/4CVk/wDASrD8BKyaN3ydDVtFORm58SZmg7MByxShDiBKgdcdwNZNx6jbLWTn4QJVkvG2Ssn/AICVkwgjZbrQVI0Cqq6gBUUwU5y9kQOAeBrJv5Zayay44YiBKyf+AlZP/ASsn/gJVgSdgt0rJqbuwIaiSFe4VEzAu4fauAFYINQ5dPeigKLnqGqsxepeQ8a9C0F387SNDDdQGIwOOqosMKjFRAUAN2jHlzU6+vhQA52wcuteYCDsNdoTpHUeU4bVOkGsGGsc3EEYVpB5cWQYrvHQYN1jRRTca7IBt10Vbr11nN1ba4DYOXEmsWOtvtbRWCjUOXNGyh76VsKwI5EO+ip+PQaDWjZwrDDVvFYn3USeXHd0G3l7083ZzNejnatB5dINa+iVm3jVzAKBY6z9r6OXRz8AOh0jm+nodvLs6HT0WjofTzeJ5CRWnr+2B9D0fah//h9//9k=\"></figure><div class=\"raw-html-embed\"><div class=\"raw-html-embed\"><table cellspacing=\"0\" cellpadding=\"0\" bgcolor=\"#f2f3f8\">\n<tbody><tr>\n  <td>\n    <table style=\"background-color: #f2f3f8; max-width:670px;  margin:0 auto;\" cellspacing=\"0\" cellpadding=\"0\" align=\"center\">\n      <tbody><tr>\n        <td>\n          <table style=\"max-width:670px;background:#fff; border-radius:3px; text-align:left;-webkit-box-shadow:0 6px 18px 0 rgba(0,0,0,.06);-moz-box-shadow:0 6px 18px 0 rgba(0,0,0,.06);box-shadow:0 6px 18px 0 rgba(0,0,0,.06);\" width=\"95%\" cellspacing=\"0\" cellpadding=\"0\" align=\"center\">\n            <tbody><tr>\n              <td style=\"height:40px;\">&nbsp;</td>\n            </tr>\n            <tr>\n              <td style=\"padding:0 35px;\">\n                <h1 style=\"color:#063e5d; font-weight:500; margin-left:auto;font-size:32px;font-family:\" poppins\",sans-serif;=\"\" text-align:center;\"=\"\">Verify your email\n                </h1>\n\n                <p style=\"color:#455056; font-size:17px;line-height:24px; margin:0;font-weight:500;\">Hi Nensi,</p>\n                <br>\n                <p style=\"color:#455056; font-size:15px;line-height:24px; margin:0;\">\n\n                  We at justDials are really excited to have you with us! Before we get started, we need to confirm that it is really you. Please click on the link below to verify your email address:\n                </p>\n\n\n\n              </td>\n            </tr>\n            <tr>\n              <td style=\"text-align:center;\">\n                <p style=\"background:#ffa350;text-decoration:none !important; font-weight:500; margin-top:35px;text-transform:uppercase; font-size:14px;padding:10px 24px;display:inline-block;border-radius:50px;text-align:center;\"> Hii</p><br>\n<img src=\"data:image/jpeg;base64,/9j/4AAQSkZJRgABAQAAAQABAAD/2wCEAAkGBxAREhUPEBAVEhUQFRAVExgVEBUaFRIWFhYWFxoRFRYgHTQgGBolGxUXITEjJTUwMC46Fx80ODMtNygtLisBCgoKDg0OGxAQGy0mHyYtLy0tKy0wLS0tMC0tLS0tLSstKy0tLS0rLS0tLS0tLS0tLS0tLS0tLS0tLS0tLS0tLf/AABEIAMIBAwMBIgACEQEDEQH/xAAcAAEAAQUBAQAAAAAAAAAAAAAABgIDBAUHAQj/xABEEAABAwIDBQMIBggFBQAAAAABAAIDBBEFEiEGMUFRYRMycQciYnKBkaGxFCNCUoLBM0NTkrLR4fAVNKLC8SRUc5Oz/8QAGgEBAAMBAQEAAAAAAAAAAAAAAAMEBQIBBv/EADURAAIBAgQCCQQABQUAAAAAAAABAgMRBBIhMUFRE2FxgZGxwdHwBSKh4TIzYoLSFCNCUrL/2gAMAwEAAhEDEQA/AO4oiIAiIgCIiAIiIAiIgCIiAIiIAiIgCIiAIiIAiIgCIiAIiIAiIgCIiAIiIAiIgCIiAIiIAiIgCIiAIiIAiIgCIiALAxbEoqWF9RMcrIxc8zwDRzJNgB1WeuQeUTbdsxfRQGzGOyvkDWuzuG8NudADpfjblvsYXDuvUUeHF9XvyIa9ZUoZuPAwMD27nFbJUyXcyawMYOjWN0a1nDM0Hfx1vvXZaKrjlY2WJwcx4BaRxH5eC+Zad+VwN72Opta452XQtitp3UknZyEmB584bzGf2jRy5j8xrt4v6cq1LNSX3R4c17rh2W5GVQxrp1MtR/a+PJ+z4+PM7Ci08W01E7dUxj1jl/istjTVccgvHIx45seHD3hfOG2X0REAREQBERAEREAREQBERAEREAREQBERAEREAREQBERAERUk21KAqWsxLGYYLNe4ue7uxsaXSO8Gj5mwWvlxCarcY6Q5IwbPqCL39GEcT6Xu4FXnspMOidM82+89xzSyuPC51c423L1Jt2W542krsh+3G1tXG3sgIqUzNdZsjnPmyG4znKMsd9dL30PJciFPMP1kTh6zQfdotjtFWz1FRLUGGV3avLhmAJDdzW3aLWAAHsWsbIb2LHN8QvpMNho0IWd7vfffy02MStXlVleLVuGz/epdW3ppbtB/vRahZtA/e32rSw8rTtzKVaN4k62E2qEEgoqqzoJT9W51iIHk9w3/AFbj+6TyOnSarZykkObsGscNzo/McOoLVwOdgcLLo/ky2xL8tBVO89ukDye+B+pcfvDgeO7eNcf6t9Pyydan2teq9fwaf0/F3Spz7n8/HgSqSirqfWnm+ksH6qc+fbk2XifWWThOPxVDjEQ6GZveikFnDq37w/pcBblabH8AjqmgkmOVmsUre/GRqPEX4e6x1WAaxuUUa2ZxqR730dUA2pg3kd2ZnCVvw9/DUNkqAIiIAiIgCIiAIiIAiIgCIiAIiIAiIgCIiAIiIAozVyOrpXU8ZLaeI2meP1zh+qb6I48/AWdk7UVz442wxH62pd2bLb2j7Tx4A2HVwWxwqgZTxNhYNGgX6niUBfghaxoYwBrWiwA3BcN8rW0QnqREyXPDALNDQbdoe88nc7gAfG283mHli2hfT07aaJwaZ79q4PGZsY+yBe4zHS/IOHHTj0Nc7hMfa+/wK1vp1BfzJd23j7Gfjaz/AII9+/hsWmVTeBt71kCpLhbOSOWY29yr7e+9kbvGJnzAVDg3gxjfUB195Wyk+Zl7vVfm/on+DxXKd1nD3e9W16AvU7O4avobRY0oIOYEgixBBsQRxB4FX4zcA8wkjQVdk8y0K0dGdc8n214rGdhOR9IjG/8AatH2x6Q4j2jkJuvmmlqHxPbLG4sewgtcN4I4ruOxm0zK6K5s2VgAlYP/AKN9E/Dd1Py31DBdE+kgvt49X6f425G9g8V0iyS38/2WNuaItEeIRaS0jmkn70RNiDzAJv4F/NSWkqBIxsjdz2hw6XG49VTiFOJYpIjukY9h8HNI/NanYicvo4yeAHxAcfi4rM4F436Ii8PQiIgCIiAIiIAiIgCIiAIiIAiIgCIiAIiICMs+uxN191LEGt5ZnAOP8bf3VlbWY4KGlkqiwvLBZjQDYvcbNzH7Lb7z+dgsHBpWsqq58jg0NcHEk2AaGNJcTwAFlyXbjbJ9fK5liKdjj2TQ4tJG7O/0jr4A25k2sLh+mnZ7Lf27yDEVujjpuaKtxSWoe6WoyzOcbuLmD3C24cLcFaa2M74WfhLx+ZWKKGHh2rfBzT/JXW0Q+zUEeuw/kSvoY5rW0fevVIxZKF7ptdz9Ll000B4St8HNPzAQRgaNJI9Ia/NUill4SxO/GB8wFU2/Hfx8V0l/Tbw9Dy/9V/H11KmtXt+SrvojV7ueMv0p0tyV/MsWA6+Kyg1W6UvtK846lmULLwbEpqWVs8LsrmH2OHFjhxaf71AVHZKqKmJUdSN9HszuMrao7hhW0cdTSOqo9Cxji9l/Oje1tyw8+h43CytnqXsoQwbgbD8IDf8AaudbBYXKJHPzFkZAMvJzWHMAfxAewu6rpmGVEckTXROzNtbrcbwRwN18rjMOqM3GLuvLqfWb2Gr9LFN7+duJmoiKoWgiIgCIiAIiIAiIgCIiAIiIAiIgCIiAIij21+00WHw9o/V8l2xN+84DeeTRpc9RzXUISnJRjuzyUlFXexENvqx0UlQ6nk/SsEUxaASw2YHN5Xy9j7HO4hcaNE6921BHR0Z/K6lGA4nI6eVlQ+LsatznE5iDHI4uIk11I85zT0eTqQFqtocMqqaVwEJe2+9u8dDv940NwRvWtRhGi+inF809ddFf+F623XVyM2pJ1Fni1ya07t+fHrNe2mqBukif4vA+dlcLakb4M3qa/K6xBidu/FI32K7HicX3iPEFXFUpbZ2uq/8Akiu4VXrlT7v8Wi59KINnRvbfTULJC8jr83mia9+HafkvVYi1wd/D09kRO/FW8fX9lxVNKoaVXvXq0OWgs6N3FYXir8LhZTU3qRzWhnMctvgkJkkDQL6jhf2DqtRQ0skrgxgJLjYWG9S81UWGssCH1BFhbURXGp6u/vd3vK9XL9sdZPZer5L4jynTvq3pz9uv4ySY/i0VJB9GZbO4DNb7P81E9m9qTSTXN3RSEdo3l6bfSHxGnK0Vqa50ji97iS7fcq0xxcQ1oLnOIDQN5JNgB7VWp4WnGm4S1vu/m1uHIl6WWdTjpbbqXL35n0ZT1DJGtkY4Oa8BzSDo4HcQr6iezNEaWCOnzXLblxvpmcbuy8hc/DmpJDISvm6lLK3Z3XA3oVMy1VmZCIiiJAiIgCIiAIiIAiIgCIiAIiIAiIgMesqmRMdLK4MZGC5zidGgcSvnPyh4/NWVbpooXyRABsdyPNaOQA0ubnW513qYeWzatrclFG8uaCXThjb3cLZWl17G2pI524jTkzMXhO8lvi0/ktPCwp01epLLJrTg7d6a18ijiJTm7QV0t+3ufDz7Cn/FC3vwyMPh/wAKXYFtnSyMFPVk5QLMeWklg+6629vxbw080x+PEWnQTX6dp+RVTw13ejjd4xt+YV2VF1FbPddiv23jJfhFVVFB3y2735Nbd5Kq/A5A0TU0nbRPvlLXZmnoOZ5jeOIao/Kz78UbvGJvzAV/B8QNMS6EZM1g4Mccrxyew3a4dCCt9LjVDUf5qlIcd74zY+J4nwBA6KSM8TBWlaXY2n4NWZHKNCTurx7r+WpFRTxg5mxtaebSfkSq1Im4bhpvkqni/wC1Djl8ALn3lVDBqP8A71v/AKpF1Gqraxa/tforHkqbvpJP+5eruRxVXUi/wmhG+taeggk+apkqMNi1Y2SU8iWtaetx5wXrrLhGT7mv/Vjzo+bXivS5o4o3usAN5sOvRbunwlsTe1q3tgZ6fedbg2PvE9Dbpda6u2vewFtLE2G4tmDQXkcnPOpUfhzyPMsri9x3lxJNuVyq8q9aUssEl17tenmTRpU4xzT16tv35E6k2pgiYY6NpGYWMju87+Q8OQNgVHJKgvOZziSVrjDlOm5X41YpLKrcePN9be79OBFUak7+HV3GTmCnPk3wfO81j2+bGS2K/F9tX/hBt4nooXhlE+olZBH3pHWHIDeXHoACfYu5YTQMhjZDGLNjaGjrzcepNyfFRYytljl4vy/Z3h6eaV3wNhTRrZxNVinjWWAsKpK5rQieoiKIkC9Xi9QBERAEREAREQBERAEREAUd2zrKqOmcKOJ0k0nmtLS36oEay6nUjha+pHAKQkrDmiuu6dlJNnE72sj5vqcMrIr9pBOy28ujkA8b2sVr3uDu8yN/jG0/Gy+mTTrCrMGhl0lhjk9eNrvmFsR+ovZ+foZrwa4HzY+hgdvhaPUJCxzg8O9rpWHoQf5L6BrNg8Pk30wafQc9nwBstLV+S6lOscszOhLHAf6QfijrYebvKKv2LzWo6OtHaT8fc4yMPlHcqvZID/VVBla3d2Ung4X91wulVXktmH6KqjdyzxuZ8QXLT1WwOIs3RNk9SVvydYqSLo/8ZNf3Pyldfg4fS8Un3L0sRine8tvI3I7W45K5nWbV4FWRfpKWZtuPZOLf3gLLWOdw4jhxCsRkrWTuQuOu1ip0isPcSqyFTZcSuzqOhbEay4W2VtjVfC6pwSPKkrqxctceC8AVUZW32awY1dQ2LXIPOlI4MG/2nQDx6KeVlHMyKN27Imvk0wPs4zVvHnTDLH6Md9XfiI9zRzXQ6WJYlJCBYAAAAAAbgBoAOi20DFgYiq5SbNejTyqxejariBFRbLdgiIgC9Xi9QBERAEREAREQBERAEReFAF5ZeogKS1UmNXEXtzyxZMKtugWUi9zM8yowXU6tuplsbLwtXSqM8cEap1MsWqw2OQWkjZIOT2Bw+IW9MapMK7VU4dMhVXsRh8m+kY31MzP4SFpavyZUbtWPmj6B7XD4tv8AFdMMCodTqaOJkuJE6CZyCo8l7x+jqmnkHxEe8hx+S1dTsBXs7rY5PUlH+4BdtdTK26lViONmiKWFicBqNnq2Lv0svi2MuHvbcLqOw+z5poA57bST2fJpq0fZj9gOvUlSyGl1WzEItuXNfHOUctj2lhEnmMKmiWdG1Gx2Vaz5zuXYxsERFwdBERAeoiIAiIgCIiAIiIAiIgC8K9RAeKN7YSYgyPtaJ0bWxMkfKH992UAgMu0jcHb7cFJFg45/lp//AAzfwOXdJ2mtE+05mrpnJ8I25xSpmZTxytDpTlaXMYG3txIYSthj+0mNYe5n0gxuEl8paGljiLXabNBB1HJRHZiq/wCqh+jsLpQ76sOADS6xsCc25bTbbH6mWRtPXRGF0RJDWxi3nW8++c5hYcDzW9PDx6ZRUI5ba8+K0/BlRry6Jycne+nLgdH2H2r+nxvzMDJIsue18rg69nC+o7p014a66SlRDyb0lMylz07zIZSDKSAHNcAPqy2+gAOmpvmvexCl6xMQoKrJQVlc06Lk4LNuaHbHHRQ0r59C8+ZE0/akduuOQ1cegWh8m21ktWHwVL80rfPacrRmZoC2wFtDY9bnktPtFidHXVckc9R2UNI2SOM2JD5joXgC9wCP9ItvKhWGYw2lnbLGXZonchlNtCL37pFx4ErRpYJSoOLX3vW/kvfrKVTEuNVO/wBu3u/Y+iVBdv8AEsTpAamB8bYG9m21gZMztMzg5trXNtDy0UvwyuZURMnjN2yNDhzHNp6g3B8FHfKi5ow+QuvbPBu398Khhf50YySd3Zp+HiXK38ttPhfQh2zW0mM18joYamNrmMz/AFkTACLgWBEZ11CycY2mxrD3N+lMY9rzZrsrTG7mAWhpBtwNljeSGZjqqTKD+hdvA++zqpv5R2x/4fMZBo3snDmHdo0C3XW3tV+q6ccSqWSOV2W2uvG5Up55UXPM769mhb2P2wir7sLezlaLlt7hw5tPzB9l7ErcY3FUmFwpDG2UluUyXygX13A623aLjnk/lDsQgEQdfM4k2Fg0NcXE68rj2ruyq4ykqFVZdt7Mnw1R1af3b7HE6rb7E4pHxOeM0b3sdaOPvNJabHLzC6jszHWhjnVsrHucWlgYNGttxOUa3PwXFto6iIVtQCHX+kTX0Fr9q7qu/wBL3G+q35BT/UIwhCGWKV+rs92RYSUpSlmbdv2QXbGtxqmMlREWOpwdBG0OfGz7zw5l/Egm3QKJ0nlCxGR4YZ2sDiBmdE2w6mzCfgu12XG9v8HpIKjLTXc94c+SCJhcYgBmL9O622tuG/duYKdKp/tzgr87efuMTGpD74yduK9iX7e43U00Mc9NPEGkC97GScnLlMQsWltiSfYrey8mNzOjlqi2KEm7muawSubY2s0M825tvIKgWyW0VNDURyVEbpA0ZWlwuYbm+eNt7E3JJFrm5I10d3GmnZI1skbg9rwHNc03DgdxB4rjEw/08VTypv8A7NfhdnX3aHVGfTNzzWXK5dXqIs4uBERAEREAREQBERAEREAREQBRfbaorhF2VHTMlEzJWyOfIG9nmGUWBIudSfZ1UoWLNCXnXcu6bSkmzmabWhw/BdkcWgnjqI6ZrnRODgO1jtpz13Ke7U7PSYhRMfUNjgrIw4tAN27z9S43OhFteB9oU1FOGizSR4WVEdLY3IB8VbnjJTmp7Nbc+zsK8MOoxceDOQbK4NjlE/tIadrg4Wc0yxljhyPncCSRqLXOtibz3bOrxJsbY6KBrnSMcJJTIB2RNh5gJ377E7tFLVS9oIseKinic9RTlFfOZ3Gjkhli2c92C2ZlYww1+H04awXY9zY5JJHOJJu650A8N45KL7X7K1k9S99PQRQMbdrQyWNoe1pOWQt0yuIt8PE9hNPplsPG2q9ipGjUi6lji5RqOpfV9vucSoKUFDgvnIgHk5osWpXNp5oWimJc4uMjSWeboGWdxNuY8DcnI8pEOI1LXUkFKx0DuyPaGVocXNOawBOg0AXQVYqYswt1UX+ovV6RpX+a9pJ0VqeRN/OBxrZPA8ZoZTNBSMeS3I4OlYRYkHg7mB7lttoaLHMQaIJ44KWLMHEdobOI3EkZibb7eC6dTQ5b9bK5KzMCOalljG6mfKr8+Pt+COOHtDLd25fNfyRTYjY2GgaZA4TTPFnSWsGt35GC+guBe+pt7FvMcqKiOEupYRPLdoaxzw0anVxPQK/DS5Tcaf3uWWq1So5Tzyd+3y0JoQyxyrQ4FX7H4rLNJO6nYHSSPkI7ZlgXOLi3vbrlde2Tmr3REV8LInMytYGuBLwG6vdYkfLcdNy2tRSgm/Per8IIFjwU2IxLqwSaWn4I6VBU5Nog+1FbjjnSRUdKxkdyGS9o0yOb94XNm38NFjeTXDK2ndIKimjbnDnPm7QPmlfcWYXZjpvO74roqtyMB4XP98Vx0/8AtunlVn8+cOo76L7892cO2i2RxGeZ0zaCOnEmpY2dmW9zdw10OovbTjYXW42Tgx2j+rjgZIwm5a+VrmtvveAHXB8DrroSuoOpS46n3rIijyiwH9VPPGuVPI0muXx30IY4dKWZNr54FwL1eAr1UC2EREAREQBERAEREAREQBERAEREAREQBERAEREAREQBERAEREAREQBERAEREAREQBERAEREAREQBERAEREAREQBERAEREAREQBERAEREAREQBERAEREAREQBERAEREAREQBERAEREB//9k=\" alt=\"\">\n              </td>\n            </tr>\n            <tr>\n              <td style=\"height:40px;\">&nbsp;</td>\n            </tr>\n            <tr>\n              <td style=\"padding:35px; padding-top:10px;\">\n                <p style=\"margin-bottom:0px;\">\n                  Regards,\n                </p>\n                <p>Team justDials</p>\n              </td>\n            </tr>\n          </tbody></table>\n        </td>\n      </tr><tr>\n        <td style=\"height:20px;\">&nbsp;</td>\n      </tr>\n    </tbody></table>\n  </td>\n</tr>\n</tbody></table></div></div>');
INSERT INTO `information` (`nId`, `sName`, `sEmail`, `sDescription`) VALUES
(2, 'Nen', 'nen@gmail.com', '<div class=\"raw-html-embed\">\n\n  <meta http-equiv=\"Content-Type\" content=\"text/html; charset=utf-8\">\n  <meta name=\"viewport\" content=\"width=device-width\">\n  <title>Enroll now in ASUs free online high school.</title>\n  <link rel=\"stylesheet\" href=\"css/foundation-emails.css\">\n  <link href=\"https://fonts.googleapis.com/css?family=Roboto:400,700\" rel=\"stylesheet\">\n  <style>\n    /* Foundation */\n    .wrapper {\n      width: 100%; }\n\n    #outlook a {\n      padding: 0; }\n\n    body {\n      width: 100% !important;\n      min-width: 100%;\n      -webkit-text-size-adjust: 100%;\n      -ms-text-size-adjust: 100%;\n      margin: 0;\n      Margin: 0;\n      padding: 0;\n      -moz-box-sizing: border-box;\n      -webkit-box-sizing: border-box;\n      box-sizing: border-box; }\n\n    .ExternalClass {\n      width: 100%; }\n      .ExternalClass,\n      .ExternalClass p,\n      .ExternalClass span,\n      .ExternalClass font,\n      .ExternalClass td,\n      .ExternalClass div {\n        line-height: 100%; }\n\n    #backgroundTable {\n      margin: 0;\n      Margin: 0;\n      padding: 0;\n      width: 100% !important;\n      line-height: 100% !important; }\n\n    img {\n      outline: none;\n      text-decoration: none;\n      -ms-interpolation-mode: bicubic;\n      width: auto;\n      max-width: 100%;\n      clear: both;\n      display: block; }\n\n    center {\n      width: 100%;\n      min-width: 580px; }\n\n    a img {\n      border: none; }\n\n    p {\n      margin: 0 0 0 10px;\n      Margin: 0 0 0 10px; }\n\n    table {\n      border-spacing: 0;\n      border-collapse: collapse; }\n\n    td {\n      word-wrap: break-word;\n      border-collapse: collapse !important; }\n\n    table, tr, td {\n      padding: 0;\n      vertical-align: top;\n      text-align: left; }\n\n    @media only screen {\n      html {\n        min-height: 100%;\n        background: #f3f3f3; } }\n\n    table.body {\n      background: #f3f3f3;\n      height: 100%;\n      width: 100%; }\n\n    table.container {\n      background: #fefefe;\n      width: 580px;\n      margin: 0 auto;\n      Margin: 0 auto;\n      text-align: inherit; }\n\n    table.row {\n      padding: 0;\n      width: 100%;\n      position: relative; }\n\n    table.spacer {\n      width: 100%; }\n      table.spacer td {\n        mso-line-height-rule: exactly; }\n\n    table.container table.row {\n      display: table; }\n\n    td.columns,\n    td.column,\n    th.columns,\n    th.column {\n      margin: 0 auto;\n      Margin: 0 auto;\n      padding-left: 16px;\n      padding-bottom: 16px; }\n      td.columns .column,\n      td.columns .columns,\n      td.column .column,\n      td.column .columns,\n      th.columns .column,\n      th.columns .columns,\n      th.column .column,\n      th.column .columns {\n        padding-left: 0 !important;\n        padding-right: 0 !important; }\n        td.columns .column center,\n        td.columns .columns center,\n        td.column .column center,\n        td.column .columns center,\n        th.columns .column center,\n        th.columns .columns center,\n        th.column .column center,\n        th.column .columns center {\n          min-width: none !important; }\n\n    td.columns.last,\n    td.column.last,\n    th.columns.last,\n    th.column.last {\n      padding-right: 16px; }\n\n    td.columns table:not(.button),\n    td.column table:not(.button),\n    th.columns table:not(.button),\n    th.column table:not(.button) {\n      width: 100%; }\n\n    td.large-1,\n    th.large-1 {\n      width: 32.33333px;\n      padding-left: 8px;\n      padding-right: 8px; }\n\n    td.large-1.first,\n    th.large-1.first {\n      padding-left: 16px; }\n\n    td.large-1.last,\n    th.large-1.last {\n      padding-right: 16px; }\n\n    .collapse > tbody > tr > td.large-1,\n    .collapse > tbody > tr > th.large-1 {\n      padding-right: 0;\n      padding-left: 0;\n      width: 48.33333px; }\n\n    .collapse td.large-1.first,\n    .collapse th.large-1.first,\n    .collapse td.large-1.last,\n    .collapse th.large-1.last {\n      width: 56.33333px; }\n\n    td.large-1 center,\n    th.large-1 center {\n      min-width: 0.33333px; }\n\n    .body .columns td.large-1,\n    .body .column td.large-1,\n    .body .columns th.large-1,\n    .body .column th.large-1 {\n      width: 8.33333%; }\n\n    td.large-2,\n    th.large-2 {\n      width: 80.66667px;\n      padding-left: 8px;\n      padding-right: 8px; }\n\n    td.large-2.first,\n    th.large-2.first {\n      padding-left: 16px; }\n\n    td.large-2.last,\n    th.large-2.last {\n      padding-right: 16px; }\n\n    .collapse > tbody > tr > td.large-2,\n    .collapse > tbody > tr > th.large-2 {\n      padding-right: 0;\n      padding-left: 0;\n      width: 96.66667px; }\n\n    .collapse td.large-2.first,\n    .collapse th.large-2.first,\n    .collapse td.large-2.last,\n    .collapse th.large-2.last {\n      width: 104.66667px; }\n\n    td.large-2 center,\n    th.large-2 center {\n      min-width: 48.66667px; }\n\n    .body .columns td.large-2,\n    .body .column td.large-2,\n    .body .columns th.large-2,\n    .body .column th.large-2 {\n      width: 16.66667%; }\n\n    td.large-3,\n    th.large-3 {\n      width: 129px;\n      padding-left: 8px;\n      padding-right: 8px; }\n\n    td.large-3.first,\n    th.large-3.first {\n      padding-left: 16px; }\n\n    td.large-3.last,\n    th.large-3.last {\n      padding-right: 16px; }\n\n    .collapse > tbody > tr > td.large-3,\n    .collapse > tbody > tr > th.large-3 {\n      padding-right: 0;\n      padding-left: 0;\n      width: 145px; }\n\n    .collapse td.large-3.first,\n    .collapse th.large-3.first,\n    .collapse td.large-3.last,\n    .collapse th.large-3.last {\n      width: 153px; }\n\n    td.large-3 center,\n    th.large-3 center {\n      min-width: 97px; }\n\n    .body .columns td.large-3,\n    .body .column td.large-3,\n    .body .columns th.large-3,\n    .body .column th.large-3 {\n      width: 25%; }\n\n    td.large-4,\n    th.large-4 {\n      width: 177.33333px;\n      padding-left: 8px;\n      padding-right: 8px; }\n\n    td.large-4.first,\n    th.large-4.first {\n      padding-left: 16px; }\n\n    td.large-4.last,\n    th.large-4.last {\n      padding-right: 16px; }\n\n    .collapse > tbody > tr > td.large-4,\n    .collapse > tbody > tr > th.large-4 {\n      padding-right: 0;\n      padding-left: 0;\n      width: 193.33333px; }\n\n    .collapse td.large-4.first,\n    .collapse th.large-4.first,\n    .collapse td.large-4.last,\n    .collapse th.large-4.last {\n      width: 201.33333px; }\n\n    td.large-4 center,\n    th.large-4 center {\n      min-width: 145.33333px; }\n\n    .body .columns td.large-4,\n    .body .column td.large-4,\n    .body .columns th.large-4,\n    .body .column th.large-4 {\n      width: 33.33333%; }\n\n    td.large-5,\n    th.large-5 {\n      width: 225.66667px;\n      padding-left: 8px;\n      padding-right: 8px; }\n\n    td.large-5.first,\n    th.large-5.first {\n      padding-left: 16px; }\n\n    td.large-5.last,\n    th.large-5.last {\n      padding-right: 16px; }\n\n    .collapse > tbody > tr > td.large-5,\n    .collapse > tbody > tr > th.large-5 {\n      padding-right: 0;\n      padding-left: 0;\n      width: 241.66667px; }\n\n    .collapse td.large-5.first,\n    .collapse th.large-5.first,\n    .collapse td.large-5.last,\n    .collapse th.large-5.last {\n      width: 249.66667px; }\n\n    td.large-5 center,\n    th.large-5 center {\n      min-width: 193.66667px; }\n\n    .body .columns td.large-5,\n    .body .column td.large-5,\n    .body .columns th.large-5,\n    .body .column th.large-5 {\n      width: 41.66667%; }\n\n    td.large-6,\n    th.large-6 {\n      width: 274px;\n      padding-left: 8px;\n      padding-right: 8px; }\n\n    td.large-6.first,\n    th.large-6.first {\n      padding-left: 16px; }\n\n    td.large-6.last,\n    th.large-6.last {\n      padding-right: 16px; }\n\n    .collapse > tbody > tr > td.large-6,\n    .collapse > tbody > tr > th.large-6 {\n      padding-right: 0;\n      padding-left: 0;\n      width: 290px; }\n\n    .collapse td.large-6.first,\n    .collapse th.large-6.first,\n    .collapse td.large-6.last,\n    .collapse th.large-6.last {\n      width: 298px; }\n\n    td.large-6 center,\n    th.large-6 center {\n      min-width: 242px; }\n\n    .body .columns td.large-6,\n    .body .column td.large-6,\n    .body .columns th.large-6,\n    .body .column th.large-6 {\n      width: 50%; }\n\n    td.large-7,\n    th.large-7 {\n      width: 322.33333px;\n      padding-left: 8px;\n      padding-right: 8px; }\n\n    td.large-7.first,\n    th.large-7.first {\n      padding-left: 16px; }\n\n    td.large-7.last,\n    th.large-7.last {\n      padding-right: 16px; }\n\n    .collapse > tbody > tr > td.large-7,\n    .collapse > tbody > tr > th.large-7 {\n      padding-right: 0;\n      padding-left: 0;\n      width: 338.33333px; }\n\n    .collapse td.large-7.first,\n    .collapse th.large-7.first,\n    .collapse td.large-7.last,\n    .collapse th.large-7.last {\n      width: 346.33333px; }\n\n    td.large-7 center,\n    th.large-7 center {\n      min-width: 290.33333px; }\n\n    .body .columns td.large-7,\n    .body .column td.large-7,\n    .body .columns th.large-7,\n    .body .column th.large-7 {\n      width: 58.33333%; }\n\n    td.large-8,\n    th.large-8 {\n      width: 370.66667px;\n      padding-left: 8px;\n      padding-right: 8px; }\n\n    td.large-8.first,\n    th.large-8.first {\n      padding-left: 16px; }\n\n    td.large-8.last,\n    th.large-8.last {\n      padding-right: 16px; }\n\n    .collapse > tbody > tr > td.large-8,\n    .collapse > tbody > tr > th.large-8 {\n      padding-right: 0;\n      padding-left: 0;\n      width: 386.66667px; }\n\n    .collapse td.large-8.first,\n    .collapse th.large-8.first,\n    .collapse td.large-8.last,\n    .collapse th.large-8.last {\n      width: 394.66667px; }\n\n    td.large-8 center,\n    th.large-8 center {\n      min-width: 338.66667px; }\n\n    .body .columns td.large-8,\n    .body .column td.large-8,\n    .body .columns th.large-8,\n    .body .column th.large-8 {\n      width: 66.66667%; }\n\n    td.large-9,\n    th.large-9 {\n      width: 419px;\n      padding-left: 8px;\n      padding-right: 8px; }\n\n    td.large-9.first,\n    th.large-9.first {\n      padding-left: 16px; }\n\n    td.large-9.last,\n    th.large-9.last {\n      padding-right: 16px; }\n\n    .collapse > tbody > tr > td.large-9,\n    .collapse > tbody > tr > th.large-9 {\n      padding-right: 0;\n      padding-left: 0;\n      width: 435px; }\n\n    .collapse td.large-9.first,\n    .collapse th.large-9.first,\n    .collapse td.large-9.last,\n    .collapse th.large-9.last {\n      width: 443px; }\n\n    td.large-9 center,\n    th.large-9 center {\n      min-width: 387px; }\n\n    .body .columns td.large-9,\n    .body .column td.large-9,\n    .body .columns th.large-9,\n    .body .column th.large-9 {\n      width: 75%; }\n\n    td.large-10,\n    th.large-10 {\n      width: 467.33333px;\n      padding-left: 8px;\n      padding-right: 8px; }\n\n    td.large-10.first,\n    th.large-10.first {\n      padding-left: 16px; }\n\n    td.large-10.last,\n    th.large-10.last {\n      padding-right: 16px; }\n\n    .collapse > tbody > tr > td.large-10,\n    .collapse > tbody > tr > th.large-10 {\n      padding-right: 0;\n      padding-left: 0;\n      width: 483.33333px; }\n\n    .collapse td.large-10.first,\n    .collapse th.large-10.first,\n    .collapse td.large-10.last,\n    .collapse th.large-10.last {\n      width: 491.33333px; }\n\n    td.large-10 center,\n    th.large-10 center {\n      min-width: 435.33333px; }\n\n    .body .columns td.large-10,\n    .body .column td.large-10,\n    .body .columns th.large-10,\n    .body .column th.large-10 {\n      width: 83.33333%; }\n\n    td.large-11,\n    th.large-11 {\n      width: 515.66667px;\n      padding-left: 8px;\n      padding-right: 8px; }\n\n    td.large-11.first,\n    th.large-11.first {\n      padding-left: 16px; }\n\n    td.large-11.last,\n    th.large-11.last {\n      padding-right: 16px; }\n\n    .collapse > tbody > tr > td.large-11,\n    .collapse > tbody > tr > th.large-11 {\n      padding-right: 0;\n      padding-left: 0;\n      width: 531.66667px; }\n\n    .collapse td.large-11.first,\n    .collapse th.large-11.first,\n    .collapse td.large-11.last,\n    .collapse th.large-11.last {\n      width: 539.66667px; }\n\n    td.large-11 center,\n    th.large-11 center {\n      min-width: 483.66667px; }\n\n    .body .columns td.large-11,\n    .body .column td.large-11,\n    .body .columns th.large-11,\n    .body .column th.large-11 {\n      width: 91.66667%; }\n\n    td.large-12,\n    th.large-12 {\n      width: 564px;\n      padding-left: 8px;\n      padding-right: 8px; }\n\n    td.large-12.first,\n    th.large-12.first {\n      padding-left: 16px; }\n\n    td.large-12.last,\n    th.large-12.last {\n      padding-right: 16px; }\n\n    .collapse > tbody > tr > td.large-12,\n    .collapse > tbody > tr > th.large-12 {\n      padding-right: 0;\n      padding-left: 0;\n      width: 580px; }\n\n    .collapse td.large-12.first,\n    .collapse th.large-12.first,\n    .collapse td.large-12.last,\n    .collapse th.large-12.last {\n      width: 588px; }\n\n    td.large-12 center,\n    th.large-12 center {\n      min-width: 532px; }\n\n    .body .columns td.large-12,\n    .body .column td.large-12,\n    .body .columns th.large-12,\n    .body .column th.large-12 {\n      width: 100%; }\n\n    td.large-offset-1,\n    td.large-offset-1.first,\n    td.large-offset-1.last,\n    th.large-offset-1,\n    th.large-offset-1.first,\n    th.large-offset-1.last {\n      padding-left: 64.33333px; }\n\n    td.large-offset-2,\n    td.large-offset-2.first,\n    td.large-offset-2.last,\n    th.large-offset-2,\n    th.large-offset-2.first,\n    th.large-offset-2.last {\n      padding-left: 112.66667px; }\n\n    td.large-offset-3,\n    td.large-offset-3.first,\n    td.large-offset-3.last,\n    th.large-offset-3,\n    th.large-offset-3.first,\n    th.large-offset-3.last {\n      padding-left: 161px; }\n\n    td.large-offset-4,\n    td.large-offset-4.first,\n    td.large-offset-4.last,\n    th.large-offset-4,\n    th.large-offset-4.first,\n    th.large-offset-4.last {\n      padding-left: 209.33333px; }\n\n    td.large-offset-5,\n    td.large-offset-5.first,\n    td.large-offset-5.last,\n    th.large-offset-5,\n    th.large-offset-5.first,\n    th.large-offset-5.last {\n      padding-left: 257.66667px; }\n\n    td.large-offset-6,\n    td.large-offset-6.first,\n    td.large-offset-6.last,\n    th.large-offset-6,\n    th.large-offset-6.first,\n    th.large-offset-6.last {\n      padding-left: 306px; }\n\n    td.large-offset-7,\n    td.large-offset-7.first,\n    td.large-offset-7.last,\n    th.large-offset-7,\n    th.large-offset-7.first,\n    th.large-offset-7.last {\n      padding-left: 354.33333px; }\n\n    td.large-offset-8,\n    td.large-offset-8.first,\n    td.large-offset-8.last,\n    th.large-offset-8,\n    th.large-offset-8.first,\n    th.large-offset-8.last {\n      padding-left: 402.66667px; }\n\n    td.large-offset-9,\n    td.large-offset-9.first,\n    td.large-offset-9.last,\n    th.large-offset-9,\n    th.large-offset-9.first,\n    th.large-offset-9.last {\n      padding-left: 451px; }\n\n    td.large-offset-10,\n    td.large-offset-10.first,\n    td.large-offset-10.last,\n    th.large-offset-10,\n    th.large-offset-10.first,\n    th.large-offset-10.last {\n      padding-left: 499.33333px; }\n\n    td.large-offset-11,\n    td.large-offset-11.first,\n    td.large-offset-11.last,\n    th.large-offset-11,\n    th.large-offset-11.first,\n    th.large-offset-11.last {\n      padding-left: 547.66667px; }\n\n    td.expander,\n    th.expander {\n      visibility: hidden;\n      width: 0;\n      padding: 0 !important; }\n\n    table.container.radius {\n      border-radius: 0;\n      border-collapse: separate; }\n\n    .block-grid {\n      width: 100%;\n      max-width: 580px; }\n      .block-grid td {\n        display: inline-block;\n        padding: 8px; }\n\n    .up-2 td {\n      width: 274px !important; }\n\n    .up-3 td {\n      width: 177px !important; }\n\n    .up-4 td {\n      width: 129px !important; }\n\n    .up-5 td {\n      width: 100px !important; }\n\n    .up-6 td {\n      width: 80px !important; }\n\n    .up-7 td {\n      width: 66px !important; }\n\n    .up-8 td {\n      width: 56px !important; }\n\n    table.text-center,\n    th.text-center,\n    td.text-center,\n    h1.text-center,\n    h2.text-center,\n    h3.text-center,\n    h4.text-center,\n    h5.text-center,\n    h6.text-center,\n    p.text-center,\n    span.text-center {\n      text-align: center; }\n\n    table.text-left,\n    th.text-left,\n    td.text-left,\n    h1.text-left,\n    h2.text-left,\n    h3.text-left,\n    h4.text-left,\n    h5.text-left,\n    h6.text-left,\n    p.text-left,\n    span.text-left {\n      text-align: left; }\n\n    table.text-right,\n    th.text-right,\n    td.text-right,\n    h1.text-right,\n    h2.text-right,\n    h3.text-right,\n    h4.text-right,\n    h5.text-right,\n    h6.text-right,\n    p.text-right,\n    span.text-right {\n      text-align: right; }\n\n    span.text-center {\n      display: block;\n      width: 100%;\n      text-align: center; }\n\n    @media only screen and (max-width: 596px) {\n      .small-float-center {\n        margin: 0 auto !important;\n        float: none !important;\n        text-align: center !important; }\n      .small-text-center {\n        text-align: center !important; }\n      .small-text-left {\n        text-align: left !important; }\n      .small-text-right {\n        text-align: right !important; } }\n\n    img.float-left {\n      float: left;\n      text-align: left; }\n\n    img.float-right {\n      float: right;\n      text-align: right; }\n\n    img.float-center,\n    img.text-center {\n      margin: 0 auto;\n      Margin: 0 auto;\n      float: none;\n      text-align: center; }\n\n    table.float-center,\n    td.float-center,\n    th.float-center {\n      margin: 0 auto;\n      Margin: 0 auto;\n      float: none;\n      text-align: center; }\n\n    .hide-for-large {\n      display: none !important;\n      mso-hide: all;\n      overflow: hidden;\n      max-height: 0;\n      font-size: 0;\n      width: 0;\n      line-height: 0; }\n      @media only screen and (max-width: 596px) {\n        .hide-for-large {\n          display: block !important;\n          width: auto !important;\n          overflow: visible !important;\n          max-height: none !important;\n          font-size: inherit !important;\n          line-height: inherit !important; } }\n\n    table.body table.container .hide-for-large * {\n      mso-hide: all; }\n\n    @media only screen and (max-width: 596px) {\n      table.body table.container .hide-for-large,\n      table.body table.container .row.hide-for-large {\n        display: table !important;\n        width: 100% !important; } }\n\n    @media only screen and (max-width: 596px) {\n      table.body table.container .callout-inner.hide-for-large {\n        display: table-cell !important;\n        width: 100% !important; } }\n\n    @media only screen and (max-width: 596px) {\n      table.body table.container .show-for-large {\n        display: none !important;\n        width: 0;\n        mso-hide: all;\n        overflow: hidden; } }\n\n    body,\n    table.body,\n    h1,\n    h2,\n    h3,\n    h4,\n    h5,\n    h6,\n    p,\n    td,\n    th,\n    a {\n      color: #0a0a0a;\n      font-family: Helvetica, Arial, sans-serif;\n      font-weight: normal;\n      padding: 0;\n      margin: 0;\n      Margin: 0;\n      text-align: left;\n      line-height: 1.3; }\n\n    h1,\n    h2,\n    h3,\n    h4,\n    h5,\n    h6 {\n      color: inherit;\n      word-wrap: normal;\n      font-family: Helvetica, Arial, sans-serif;\n      font-weight: normal;\n      margin-bottom: 10px;\n      Margin-bottom: 10px; }\n\n    h1 {\n      font-size: 34px; }\n\n    h2 {\n      font-size: 30px; }\n\n    h3 {\n      font-size: 28px; }\n\n    h4 {\n      font-size: 24px; }\n\n    h5 {\n      font-size: 20px; }\n\n    h6 {\n      font-size: 18px; }\n\n    body,\n    table.body,\n    p,\n    td,\n    th {\n      font-size: 16px;\n      line-height: 1.3; }\n\n    p {\n      margin-bottom: 10px;\n      Margin-bottom: 10px; }\n      p.lead {\n        font-size: 20px;\n        line-height: 1.6; }\n      p.subheader {\n        margin-top: 4px;\n        margin-bottom: 8px;\n        Margin-top: 4px;\n        Margin-bottom: 8px;\n        font-weight: normal;\n        line-height: 1.4;\n        color: #8a8a8a; }\n\n    small {\n      font-size: 80%;\n      color: #cacaca; }\n\n    a {\n      color: #2199e8;\n      text-decoration: none; }\n      a:hover {\n        color: #147dc2; }\n      a:active {\n        color: #147dc2; }\n      a:visited {\n        color: #2199e8; }\n\n    h1 a,\n    h1 a:visited,\n    h2 a,\n    h2 a:visited,\n    h3 a,\n    h3 a:visited,\n    h4 a,\n    h4 a:visited,\n    h5 a,\n    h5 a:visited,\n    h6 a,\n    h6 a:visited {\n      color: #2199e8; }\n\n    pre {\n      background: #f3f3f3;\n      margin: 30px 0;\n      Margin: 30px 0; }\n      pre code {\n        color: #cacaca; }\n        pre code span.callout {\n          color: #8a8a8a;\n          font-weight: bold; }\n        pre code span.callout-strong {\n          color: #ff6908;\n          font-weight: bold; }\n\n    table.hr {\n      width: 100%; }\n      table.hr th {\n        height: 0;\n        max-width: 580px;\n        border-top: 0;\n        border-right: 0;\n        border-bottom: 1px solid #0a0a0a;\n        border-left: 0;\n        margin: 20px auto;\n        Margin: 20px auto;\n        clear: both; }\n\n    .stat {\n      font-size: 40px;\n      line-height: 1; }\n      p + .stat {\n        margin-top: -16px;\n        Margin-top: -16px; }\n\n    span.preheader {\n      display: none !important;\n      visibility: hidden;\n      mso-hide: all !important;\n      font-size: 1px;\n      color: #f3f3f3;\n      line-height: 1px;\n      max-height: 0px;\n      max-width: 0px;\n      opacity: 0;\n      overflow: hidden; }\n\n    table.button {\n      width: auto;\n      margin: 0 0 16px 0;\n      Margin: 0 0 16px 0; }\n      table.button table td {\n        text-align: left;\n        color: #fefefe;\n        background: #2199e8;\n        border: 2px solid #2199e8; }\n        table.button table td a {\n          font-family: Helvetica, Arial, sans-serif;\n          font-size: 16px;\n          font-weight: bold;\n          color: #fefefe;\n          text-decoration: none;\n          display: inline-block;\n          padding: 8px 16px 8px 16px;\n          border: 0 solid #2199e8;\n          border-radius: 3px; }\n      table.button.radius table td {\n        border-radius: 3px;\n        border: none; }\n      table.button.rounded table td {\n        border-radius: 500px;\n        border: none; }\n\n    table.button:hover table tr td a,\n    table.button:active table tr td a,\n    table.button table tr td a:visited,\n    table.button.tiny:hover table tr td a,\n    table.button.tiny:active table tr td a,\n    table.button.tiny table tr td a:visited,\n    table.button.small:hover table tr td a,\n    table.button.small:active table tr td a,\n    table.button.small table tr td a:visited,\n    table.button.large:hover table tr td a,\n    table.button.large:active table tr td a,\n    table.button.large table tr td a:visited {\n      color: #fefefe; }\n\n    table.button.tiny table td,\n    table.button.tiny table a {\n      padding: 4px 8px 4px 8px; }\n\n    table.button.tiny table a {\n      font-size: 10px;\n      font-weight: normal; }\n\n    table.button.small table td,\n    table.button.small table a {\n      padding: 5px 10px 5px 10px;\n      font-size: 12px; }\n\n    table.button.large table a {\n      padding: 10px 20px 10px 20px;\n      font-size: 20px; }\n\n    table.button.expand,\n    table.button.expanded {\n      width: 100% !important; }\n      table.button.expand table,\n      table.button.expanded table {\n        width: 100%; }\n        table.button.expand table a,\n        table.button.expanded table a {\n          text-align: center;\n          width: 100%;\n          padding-left: 0;\n          padding-right: 0; }\n      table.button.expand center,\n      table.button.expanded center {\n        min-width: 0; }\n\n    table.button:hover table td,\n    table.button:visited table td,\n    table.button:active table td {\n      background: #147dc2;\n      color: #fefefe; }\n\n    table.button:hover table a,\n    table.button:visited table a,\n    table.button:active table a {\n      border: 0 solid #147dc2; }\n\n    table.button.secondary table td {\n      background: #777777;\n      color: #fefefe;\n      border: 0px solid #777777; }\n\n    table.button.secondary table a {\n      color: #fefefe;\n      border: 0 solid #777777; }\n\n    table.button.secondary:hover table td {\n      background: #919191;\n      color: #fefefe; }\n\n    table.button.secondary:hover table a {\n      border: 0 solid #919191; }\n\n    table.button.secondary:hover table td a {\n      color: #fefefe; }\n\n    table.button.secondary:active table td a {\n      color: #fefefe; }\n\n    table.button.secondary table td a:visited {\n      color: #fefefe; }\n\n    table.button.success table td {\n      background: #3adb76;\n      border: 0px solid #3adb76; }\n\n    table.button.success table a {\n      border: 0 solid #3adb76; }\n\n    table.button.success:hover table td {\n      background: #23bf5d; }\n\n    table.button.success:hover table a {\n      border: 0 solid #23bf5d; }\n\n    table.button.alert table td {\n      background: #ec5840;\n      border: 0px solid #ec5840; }\n\n    table.button.alert table a {\n      border: 0 solid #ec5840; }\n\n    table.button.alert:hover table td {\n      background: #e23317; }\n\n    table.button.alert:hover table a {\n      border: 0 solid #e23317; }\n\n    table.button.warning table td {\n      background: #ffae00;\n      border: 0px solid #ffae00; }\n\n    table.button.warning table a {\n      border: 0px solid #ffae00; }\n\n    table.button.warning:hover table td {\n      background: #cc8b00; }\n\n    table.button.warning:hover table a {\n      border: 0px solid #cc8b00; }\n\n    table.callout {\n      margin-bottom: 16px;\n      Margin-bottom: 16px; }\n\n    th.callout-inner {\n      width: 100%;\n      border: 1px solid #cbcbcb;\n      padding: 10px;\n      background: #fefefe; }\n      th.callout-inner.primary {\n        background: #def0fc;\n        border: 1px solid #444444;\n        color: #0a0a0a; }\n      th.callout-inner.secondary {\n        background: #ebebeb;\n        border: 1px solid #444444;\n        color: #0a0a0a; }\n      th.callout-inner.success {\n        background: #e1faea;\n        border: 1px solid #1b9448;\n        color: #fefefe; }\n      th.callout-inner.warning {\n        background: #fff3d9;\n        border: 1px solid #996800;\n        color: #fefefe; }\n      th.callout-inner.alert {\n        background: #fce6e2;\n        border: 1px solid #b42912;\n        color: #fefefe; }\n\n    .thumbnail {\n      border: solid 4px #fefefe;\n      box-shadow: 0 0 0 1px rgba(10, 10, 10, 0.2);\n      display: inline-block;\n      line-height: 0;\n      max-width: 100%;\n      transition: box-shadow 200ms ease-out;\n      border-radius: 3px;\n      margin-bottom: 16px; }\n      .thumbnail:hover, .thumbnail:focus {\n        box-shadow: 0 0 6px 1px rgba(33, 153, 232, 0.5); }\n\n    table.menu {\n      width: 580px; }\n      table.menu td.menu-item,\n      table.menu th.menu-item {\n        padding: 10px;\n        padding-right: 10px; }\n        table.menu td.menu-item a,\n        table.menu th.menu-item a {\n          color: #2199e8; }\n\n    table.menu.vertical td.menu-item,\n    table.menu.vertical th.menu-item {\n      padding: 10px;\n      padding-right: 0;\n      display: block; }\n      table.menu.vertical td.menu-item a,\n      table.menu.vertical th.menu-item a {\n        width: 100%; }\n\n    table.menu.vertical td.menu-item table.menu.vertical td.menu-item,\n    table.menu.vertical td.menu-item table.menu.vertical th.menu-item,\n    table.menu.vertical th.menu-item table.menu.vertical td.menu-item,\n    table.menu.vertical th.menu-item table.menu.vertical th.menu-item {\n      padding-left: 10px; }\n\n    table.menu.text-center a {\n      text-align: center; }\n\n    .menu[align=\"center\"] {\n      width: auto !important; }\n\n    body.outlook p {\n      display: inline !important; }\n\n    @media only screen and (max-width: 596px) {\n      table.body img {\n        width: auto;\n        height: auto; }\n      table.body center {\n        min-width: 0 !important; }\n      table.body .container {\n        width: 95% !important; }\n      table.body .columns,\n      table.body .column {\n        height: auto !important;\n        -moz-box-sizing: border-box;\n        -webkit-box-sizing: border-box;\n        box-sizing: border-box;\n        padding-left: 16px !important;\n        padding-right: 16px !important; }\n        table.body .columns .column,\n        table.body .columns .columns,\n        table.body .column .column,\n        table.body .column .columns {\n          padding-left: 0 !important;\n          padding-right: 0 !important; }\n      table.body .collapse .columns,\n      table.body .collapse .column {\n        padding-left: 0 !important;\n        padding-right: 0 !important; }\n      td.small-1,\n      th.small-1 {\n        display: inline-block !important;\n        width: 8.33333% !important; }\n      td.small-2,\n      th.small-2 {\n        display: inline-block !important;\n        width: 16.66667% !important; }\n      td.small-3,\n      th.small-3 {\n        display: inline-block !important;\n        width: 25% !important; }\n      td.small-4,\n      th.small-4 {\n        display: inline-block !important;\n        width: 33.33333% !important; }\n      td.small-5,\n      th.small-5 {\n        display: inline-block !important;\n        width: 41.66667% !important; }\n      td.small-6,\n      th.small-6 {\n        display: inline-block !important;\n        width: 50% !important; }\n      td.small-7,\n      th.small-7 {\n        display: inline-block !important;\n        width: 58.33333% !important; }\n      td.small-8,\n      th.small-8 {\n        display: inline-block !important;\n        width: 66.66667% !important; }\n      td.small-9,\n      th.small-9 {\n        display: inline-block !important;\n        width: 75% !important; }\n      td.small-10,\n      th.small-10 {\n        display: inline-block !important;\n        width: 83.33333% !important; }\n      td.small-11,\n      th.small-11 {\n        display: inline-block !important;\n        width: 91.66667% !important; }\n      td.small-12,\n      th.small-12 {\n        display: inline-block !important;\n        width: 100% !important; }\n      .columns td.small-12,\n      .column td.small-12,\n      .columns th.small-12,\n      .column th.small-12 {\n        display: block !important;\n        width: 100% !important; }\n      table.body td.small-offset-1,\n      table.body th.small-offset-1 {\n        margin-left: 8.33333% !important;\n        Margin-left: 8.33333% !important; }\n      table.body td.small-offset-2,\n      table.body th.small-offset-2 {\n        margin-left: 16.66667% !important;\n        Margin-left: 16.66667% !important; }\n      table.body td.small-offset-3,\n      table.body th.small-offset-3 {\n        margin-left: 25% !important;\n        Margin-left: 25% !important; }\n      table.body td.small-offset-4,\n      table.body th.small-offset-4 {\n        margin-left: 33.33333% !important;\n        Margin-left: 33.33333% !important; }\n      table.body td.small-offset-5,\n      table.body th.small-offset-5 {\n        margin-left: 41.66667% !important;\n        Margin-left: 41.66667% !important; }\n      table.body td.small-offset-6,\n      table.body th.small-offset-6 {\n        margin-left: 50% !important;\n        Margin-left: 50% !important; }\n      table.body td.small-offset-7,\n      table.body th.small-offset-7 {\n        margin-left: 58.33333% !important;\n        Margin-left: 58.33333% !important; }\n      table.body td.small-offset-8,\n      table.body th.small-offset-8 {\n        margin-left: 66.66667% !important;\n        Margin-left: 66.66667% !important; }\n      table.body td.small-offset-9,\n      table.body th.small-offset-9 {\n        margin-left: 75% !important;\n        Margin-left: 75% !important; }\n      table.body td.small-offset-10,\n      table.body th.small-offset-10 {\n        margin-left: 83.33333% !important;\n        Margin-left: 83.33333% !important; }\n      table.body td.small-offset-11,\n      table.body th.small-offset-11 {\n        margin-left: 91.66667% !important;\n        Margin-left: 91.66667% !important; }\n      table.body table.columns td.expander,\n      table.body table.columns th.expander {\n        display: none !important; }\n      table.body .right-text-pad,\n      table.body .text-pad-right {\n        padding-left: 10px !important; }\n      table.body .left-text-pad,\n      table.body .text-pad-left {\n        padding-right: 10px !important; }\n      table.menu {\n        width: 100% !important; }\n        table.menu td,\n        table.menu th {\n          width: auto !important;\n          display: inline-block !important; }\n        table.menu.vertical td,\n        table.menu.vertical th, table.menu.small-vertical td,\n        table.menu.small-vertical th {\n          display: block !important; }\n      table.menu[align=\"center\"] {\n        width: auto !important; }\n      table.button.small-expand,\n      table.button.small-expanded {\n        width: 100% !important; }\n        table.button.small-expand table,\n        table.button.small-expanded table {\n          width: 100%; }\n          table.button.small-expand table a,\n          table.button.small-expanded table a {\n            text-align: center !important;\n            width: 100% !important;\n            padding-left: 0 !important;\n            padding-right: 0 !important; }\n        table.button.small-expand center,\n        table.button.small-expanded center {\n          min-width: 0; } }\n    /* Foundation End */\n    *{hyphens: none;}\n    html{\n      hyphens: none;\n    }\n    h1{\n      font-family: \'Roboto\', Arial, sans-serif;\n      font-weight: 700;\n      -webkit-font-smoothing: antialiased;\n      -moz-osx-font-smoothing: grayscale;\n    }\n    h3, h4{\n      font-family: \'Roboto\', Arial, sans-serif;\n      font-weight: 700;\n    }\n    p{\n      font-family: \'Roboto\', Arial, sans-serif;\n      color: #231f1f;\n      font-size: 15.2px;\n      hyphens: none;\n      -webkit-font-smoothing: antialiased;\n      -moz-osx-font-smoothing: grayscale;\n    }\n    ul{\n      font-family: \'Roboto\', Arial, sans-serif;\n      color: #231f1f;\n      font-size: 15.2px;\n      -webkit-font-smoothing: antialiased;\n      -moz-osx-font-smoothing: grayscale;\n    }\n    ul li{\n      padding-bottom: 1rem;\n    }\n    .colpad{\n      padding: 30px 35px;\n    }\n    table{\n      hyphens: none;\n    }\n    table.button.redbtn table td {\n      background: #8c1d40;\n      color: #ffffff;\n      border: 0px solid #777777;\n    }\n    table.button.redbtn:hover table td,\n    table.button.redbtn:visited table td,\n    table.button.redbtn:active table td {\n      background: #000000;\n      color: #fefefe; }\n    table.button.yellowbtn table td {\n      background: #ffc627;\n      color: #000000;\n      border: 0px solid #777777;\n    }\n    table.button.yellowbtn:hover table td,\n    table.button.yellowbtn:visited table td,\n    table.button.yellowbtn:active table td {\n      background: #8c1d40;\n      color: #ffc627; }\n    @media print {\n    html, table, p { hyphens: none; }\n    }\n  </style>\n\n\n\n  <table class=\"body\" style=\"background: #F7F7F7; width:100%;\" data-made-with-foundation=\"\">\n    <tbody>\n    <tr>\n      <td class=\"float-center\" valign=\"top\" align=\"center\">\n        <center>\n          <table class=\"container float-center\" style=\"width: 600px !important; min-width: 600px !important; max-width: 600px !important; margin: 0 auto; padding: 0; background: #ffffff;\" width=\"600\" align=\"center\">\n            <tbody>\n              <tr>\n                <td>\n                  <!-- Header -->\n                  <table class=\"row\">\n                    <tbody>\n                      <tr>\n                        <td>\n                          <img src=\"https://images.pexels.com/photos/314860/pexels-photo-314860.jpeg?w=600&amp;h=350&amp;dpr=2&amp;auto=compress&amp;cs=tinysrgb\" alt=\"ASU. Prep for college. Prep for career. Prep for life.\" style=\"width: 600px !important; min-width: 600px !important; max-width: 600px !important;min-height:100px;\" width=\"600\" height=\"200px\">\n                        </td>\n                      </tr>\n                    </tbody>\n                  </table>\n                  <!-- Text Section -->\n                  <table class=\"row\" style=\"background: #ffffff; color:#000000;\">\n                    <tbody>\n                      <tr>\n                        <td class=\"colpad\" style=\"padding: 30px 35px;\">\n                          <h3>To Cheat or Not to Cheat? Typography is Hard.</h3>\n                          <p>A typography infographic that\'ll make you want to cheat.</p>\n                          <p>Whether \'tis nobler in the mind to suffer. Or bolder to use DesignModo\'s awesome infographic. With a little help typography can become a little easier.</p>\n                          <a href=\"https://us9.campaign-archive.com/?u=7aca85dad056373aad529face&amp;id=8b97b11003\" target=\"_blank\">Read More</a> \n<br><br>                         <h4>\nWelcome to Steel City</h4>\n                          <p>\nCollect UI has added a new daily inspiration to their collection. Introducing \'Sign Up\' by Leisy Vidal. Making it onto the site\'s front page, this Orlando designer captures the gritty essence of Steel City in this clean UI display.</p>\n                          <a href=\"https://us9.campaign-archive.com/?u=7aca85dad056373aad529face&amp;id=8b97b11003\" target=\"_blank\">Read More</a>\n                          <br><br>\n                          <h4>\nLet\'s Be Frank on This Barbie Site Launch</h4>\n                          <p>\nOkay, my first reaction opening this email This chick still got more style than me.</p>\n                          <p>\nIm a fan of Barbie. I\'m also a web designer. So when I received an email of Barbies latest site launch my two worlds came together and I was excited. Come with me and lets discover this new site launch. Not into either, well have you checked out my writing style? This is one storytelling you\'ll get a kick out of.</p>\n                          <a href=\"https://medium.com/@Katdelorme/lets-be-frank-on-this-barbie-site-launch-8a78f94d13f9#.4vw7azkle\" target=\"_blank\">Read More</a>\n                        </td>\n                      </tr>\n                    </tbody>\n                  </table>\n                  <!-- Footer -->\n                  <table class=\"row\">\n                    <tbody>\n                      <tr>\n                        <td>\n                          <img src=\"https://images.pexels.com/photos/340901/pexels-photo-340901.jpeg?w=940&amp;h=650&amp;dpr=2&amp;auto=compress&amp;cs=tinysrgb\" alt=\"Learn more at ASUprepdigital.asu.edu\" style=\"width: 600px !important; min-width: 600px !important; max-width: 600px !important;min-height:100px;\" width=\"600\" height=\"100\">\n                        </td>\n                      </tr>\n                    </tbody>\n                  </table>\n                </td>\n              </tr>\n            </tbody>\n          </table>\n        </center>\n      </td>\n    </tr>\n    </tbody>\n  </table>\n\n</div>');
INSERT INTO `information` (`nId`, `sName`, `sEmail`, `sDescription`) VALUES
(3, 'Nena', 'nensi.darji@radixweb.com', '<div class=\"raw-html-embed\"><table width=\"100%\" cellspacing=\"0\" cellpadding=\"0\" border=\"0\" align=\"center\">\n\n<!-- START HEADER/BANNER -->\n\n		<tbody><tr>\n			<td align=\"center\">\n				<table class=\"col-600\" width=\"600\" cellspacing=\"0\" cellpadding=\"0\" border=\"0\" align=\"center\">\n					<tbody><tr>\n						<td style=\"background-size:cover; background-position:top;height=\" 400\"\"=\"\" valign=\"top\" bgcolor=\"#66809b\" background=\"https://designmodo.com/demo/emailtemplate/images/header-background.jpg\" align=\"center\">\n							<table class=\"col-600\" width=\"600\" height=\"400\" cellspacing=\"0\" cellpadding=\"0\" border=\"0\" align=\"center\">\n\n								<tbody><tr>\n									<td height=\"40\"></td>\n								</tr>\n\n\n								<tr>\n									<td style=\"line-height: 0px;\" align=\"center\">\n										<img style=\"display:block; line-height:0px; font-size:0px; border:0px;\" src=\"https://designmodo.com/demo/emailtemplate/images/logo.png\" alt=\"logo\" width=\"109\" height=\"103\">\n									</td>\n								</tr>\n\n\n\n								<tr>\n									<td style=\"font-family: \'Raleway\', sans-serif; font-size:37px; color:#ffffff; line-height:24px; font-weight: bold; letter-spacing: 7px;\" align=\"center\">\n										EMAIL <span style=\"font-family: \'Raleway\', sans-serif; font-size:37px; color:#ffffff; line-height:39px; font-weight: 300; letter-spacing: 7px;\">TEMPLATE</span>\n									</td>\n								</tr>\n\n\n\n\n\n								<tr>\n									<td style=\"font-family: \'Lato\', sans-serif; font-size:15px; color:#ffffff; line-height:24px; font-weight: 300;\" align=\"center\">\n										A creative email template for your email campaigns, promotions <br>and products across different email platforms.\n									</td>\n								</tr>\n\n\n								<tr>\n									<td height=\"50\"></td>\n								</tr>\n							</tbody></table>\n						</td>\n					</tr>\n				</tbody></table>\n			</td>\n		</tr>\n\n\n<!-- END HEADER/BANNER -->\n\n\n<!-- START 3 BOX SHOWCASE -->\n\n		<tr>\n			<td align=\"center\">\n				<table class=\"col-600\" style=\"margin-left:20px; margin-right:20px; border-left: 1px solid #dbd9d9; border-right: 1px solid #dbd9d9;\" width=\"600\" cellspacing=\"0\" cellpadding=\"0\" border=\"0\" align=\"center\">\n					<tbody><tr>\n						<td height=\"35\"></td>\n					</tr>\n\n					<tr>\n						<td style=\"font-family: \'Raleway\', sans-serif; font-size:22px; font-weight: bold; color:#2a3a4b;\" align=\"center\">A creative way to showcase your content</td>\n					</tr>\n\n					<tr>\n						<td height=\"10\"></td>\n					</tr>\n\n\n					<tr>\n						<td style=\"font-family: \'Lato\', sans-serif; font-size:14px; color:#757575; line-height:24px; font-weight: 300;\" align=\"center\">\n							Prepare some  flat icons of your choice. You can place your content below.<br>\n							Make sure it\'s awesome.\n						</td>\n					</tr>\n\n				</tbody></table>\n			</td>\n		</tr>\n\n		<tr>\n			<td align=\"center\">\n				<table class=\"col-600\" style=\"border-left: 1px solid #dbd9d9; border-right: 1px solid #dbd9d9; \" width=\"600\" cellspacing=\"0\" cellpadding=\"0\" border=\"0\" align=\"center\">\n					<tbody><tr>\n						<td height=\"10\"></td>\n					</tr>\n					<tr>\n						<td>\n\n\n							<table class=\"col3\" width=\"183\" cellspacing=\"0\" cellpadding=\"0\" border=\"0\" align=\"left\">\n								<tbody><tr>\n									<td height=\"30\"></td>\n								</tr>\n								<tr>\n									<td align=\"center\">\n										<table class=\"insider\" width=\"133\" cellspacing=\"0\" cellpadding=\"0\" border=\"0\" align=\"center\">\n\n											<tbody><tr style=\"line-height:0px;\" align=\"center\">\n												<td>\n													<img style=\"display:block; line-height:0px; font-size:0px; border:0px;\" src=\"https://designmodo.com/demo/emailtemplate/images/icon-about.png\" alt=\"icon\" width=\"69\" height=\"78\">\n												</td>\n											</tr>\n\n\n											<tr>\n												<td height=\"15\"></td>\n											</tr>\n\n\n											<tr align=\"center\">\n												<td style=\"font-family: \'Raleway\', Arial, sans-serif; font-size:20px; color:#2b3c4d; line-height:24px; font-weight: bold;\">About Us</td>\n											</tr>\n\n\n											<tr>\n												<td height=\"10\"></td>\n											</tr>\n\n\n											<tr align=\"center\">\n												<td style=\"font-family: \'Lato\', sans-serif; font-size:14px; color:#757575; line-height:24px; font-weight: 300;\">Place some cool text here.</td>\n											</tr>\n\n										</tbody></table>\n									</td>\n								</tr>\n								<tr>\n									<td height=\"30\"></td>\n								</tr>\n							</tbody></table>\n\n\n\n\n\n							<table width=\"1\" height=\"20\" cellspacing=\"0\" cellpadding=\"0\" border=\"0\" align=\"left\">\n								<tbody><tr>\n									<td style=\"font-size: 0;line-height: 0;border-collapse: collapse;\" height=\"20\">\n										<p style=\"padding-left: 24px;\">&nbsp;</p>\n									</td>\n								</tr>\n							</tbody></table>\n\n\n\n							<table class=\"col3\" width=\"183\" cellspacing=\"0\" cellpadding=\"0\" border=\"0\" align=\"left\">\n								<tbody><tr>\n									<td height=\"30\"></td>\n								</tr>\n								<tr>\n									<td align=\"center\">\n										<table class=\"insider\" width=\"133\" cellspacing=\"0\" cellpadding=\"0\" border=\"0\" align=\"center\">\n\n											<tbody><tr style=\"line-height:0px;\" align=\"center\">\n												<td>\n													<img style=\"display:block; line-height:0px; font-size:0px; border:0px;\" src=\"https://designmodo.com/demo/emailtemplate/images/icon-team.png\" alt=\"icon\" width=\"69\" height=\"78\">\n												</td>\n											</tr>\n\n\n											<tr>\n												<td height=\"15\"></td>\n											</tr>\n\n\n											<tr align=\"center\">\n												<td style=\"font-family: \'Raleway\', sans-serif; font-size:20px; color:#2b3c4d; line-height:24px; font-weight: bold;\">Our Team</td>\n											</tr>\n\n\n											<tr>\n												<td height=\"10\"></td>\n											</tr>\n\n\n											<tr align=\"center\">\n													<td style=\"font-family: \'Lato\', sans-serif; font-size:14px; color:#757575; line-height:24px; font-weight: 300;\">Place some cool text here.</td>\n											</tr>\n\n\n\n										</tbody></table>\n									</td>\n								</tr>\n								<tr>\n									<td height=\"30\"></td>\n								</tr>\n							</tbody></table>\n\n\n\n							<table width=\"1\" height=\"20\" cellspacing=\"0\" cellpadding=\"0\" border=\"0\" align=\"left\">\n								<tbody><tr>\n									<td style=\"font-size: 0;line-height: 0;border-collapse: collapse;\" height=\"20\">\n										<p style=\"padding-left: 24px;\">&nbsp;</p>\n									</td>\n								</tr>\n							</tbody></table>\n\n\n\n							<table class=\"col3\" width=\"183\" cellspacing=\"0\" cellpadding=\"0\" border=\"0\" align=\"right\">\n								<tbody><tr>\n									<td height=\"30\"></td>\n								</tr>\n								<tr>\n									<td align=\"center\">\n										<table class=\"insider\" width=\"133\" cellspacing=\"0\" cellpadding=\"0\" border=\"0\" align=\"center\">\n\n											<tbody><tr style=\"line-height:0px;\" align=\"center\">\n												<td>\n													<img style=\"display:block; line-height:0px; font-size:0px; border:0px;\" src=\"https://designmodo.com/demo/emailtemplate/images/icon-portfolio.png\" alt=\"icon\" width=\"69\" height=\"78\">\n												</td>\n											</tr>\n\n\n											<tr>\n												<td height=\"15\"></td>\n											</tr>\n\n\n											<tr align=\"center\">\n												<td style=\"font-family: \'Raleway\',  sans-serif; font-size:20px; color:#2b3c4d; line-height:24px; font-weight: bold;\">Our Portfolio</td>\n											</tr>\n\n\n											<tr>\n												<td height=\"10\"></td>\n											</tr>\n\n\n											<tr align=\"center\">\n												<td style=\"font-family: \'Lato\', sans-serif; font-size:14px; color:#757575; line-height:24px; font-weight: 300;\">Place some cool text here.</td>\n											</tr>\n\n										</tbody></table>\n									</td>\n								</tr>\n								<tr>\n									<td height=\"30\"></td>\n								</tr>\n							</tbody></table>\n\n\n						</td>\n					</tr>\n				</tbody></table>\n			</td>\n		</tr>\n\n			<tr>\n					<td height=\"5\"></td>\n		</tr>\n\n\n<!-- END 3 BOX SHOWCASE -->\n\n\n<!-- START AWESOME TITLE -->\n\n		<tr>\n			<td align=\"center\">\n				<table class=\"col-600\" width=\"600\" cellspacing=\"0\" cellpadding=\"0\" border=\"0\" align=\"center\">\n					<tbody><tr>\n						<td bgcolor=\"#2a3b4c\" align=\"center\">\n							<table class=\"col-600\" width=\"600\" cellspacing=\"0\" cellpadding=\"0\" border=\"0\" align=\"center\">\n								<tbody><tr>\n									<td height=\"33\"></td>\n								</tr>\n								<tr>\n									<td>\n\n\n										<table class=\"col1\" width=\"183\" cellspacing=\"0\" cellpadding=\"0\" border=\"0\" align=\"left\">\n\n											<tbody><tr>\n											<td height=\"18\"></td>\n											</tr>\n\n											<tr>\n												<td align=\"center\">\n													<img style=\"display:block; line-height:0px; font-size:0px; border:0px;\" class=\"images_style\" src=\"https://designmodo.com/demo/emailtemplate/images/icon-title.png\" alt=\"img\" width=\"156\" height=\"136\">\n												</td>\n\n\n\n											</tr>\n										</tbody></table>\n\n\n\n										<table class=\"col3_one\" width=\"380\" cellspacing=\"0\" cellpadding=\"0\" border=\"0\" align=\"right\">\n\n											<tbody><tr valign=\"top\" align=\"left\">\n												<td style=\"font-family: \'Raleway\', sans-serif; font-size:20px; color:#f1c40f; line-height:30px; font-weight: bold;\">This title is definitely awesome! </td>\n											</tr>\n\n\n											<tr>\n												<td height=\"5\"></td>\n											</tr>\n\n\n											<tr valign=\"top\" align=\"left\">\n												<td style=\"font-family: \'Lato\', sans-serif; font-size:14px; color:#fff; line-height:24px; font-weight: 300;\">\n													The use of flat colors in web design is more than a recent trend, it is a style designers have used for years to create impactful visuals. When you hear \"flat\", it doesn\'t mean boring it just means minimalist.\n												</td>\n											</tr>\n\n											<tr>\n												<td height=\"10\"></td>\n											</tr>\n\n											<tr valign=\"top\" align=\"left\">\n												<td>\n													<table class=\"button\" style=\"border: 2px solid #fff;\" width=\"30%\" cellspacing=\"0\" cellpadding=\"0\" border=\"0\" bgcolor=\"#2b3c4d\">\n														<tbody><tr>\n															<td width=\"10\"></td>\n															<td style=\"font-family: \'Open Sans\', Arial, sans-serif; font-size:13px; color:#ffffff;\" height=\"30\" align=\"center\">\n																<a href=\"#\" style=\"color:#ffffff;\">Read more</a>\n															</td>\n															<td width=\"10\"></td>\n														</tr>\n													</tbody></table>\n												</td>\n											</tr>\n\n										</tbody></table>\n									</td>\n								</tr>\n								<tr>\n									<td height=\"33\"></td>\n								</tr>\n							</tbody></table>\n						</td>\n					</tr>\n				</tbody></table>\n			</td>\n		</tr>\n\n\n<!-- END AWESOME TITLE -->\n\n\n<!-- START WHAT WE DO -->\n\n		<tr>\n			<td align=\"center\">\n				<table class=\"col-600\" style=\"margin-left:20px; margin-right:20px;\" width=\"600\" cellspacing=\"0\" cellpadding=\"0\" border=\"0\" align=\"center\">\n\n\n\n		<tbody><tr>\n			<td align=\"center\">\n				<table class=\"col-600\" style=\" border-left: 1px solid #dbd9d9; border-right: 1px solid #dbd9d9;\" width=\"600\" cellspacing=\"0\" cellpadding=\"0\" border=\"0\" align=\"center\">\n					<tbody><tr>\n						<td height=\"50\"></td>\n					</tr>\n					<tr>\n						<td align=\"right\">\n\n\n							<table class=\"col2\" width=\"287\" cellspacing=\"0\" cellpadding=\"0\" border=\"0\" align=\"right\">\n								<tbody><tr>\n									<td style=\"line-height:0px;\" align=\"center\">\n										<img style=\"display:block; line-height:0px; font-size:0px; border:0px;\" class=\"images_style\" src=\"https://designmodo.com/demo/emailtemplate/images/icon-responsive.png\" width=\"169\" height=\"138\">\n									</td>\n								</tr>\n							</tbody></table>\n\n\n\n\n\n\n							<table class=\"col2\" style=\"\" width=\"287\" cellspacing=\"0\" cellpadding=\"0\" border=\"0\" align=\"left\">\n								<tbody><tr>\n									<td align=\"center\">\n										<table class=\"insider\" width=\"237\" cellspacing=\"0\" cellpadding=\"0\" border=\"0\" align=\"center\">\n\n\n\n											<tbody><tr align=\"left\">\n												<td style=\"font-family: \'Raleway\', sans-serif; font-size:23px; color:#2a3b4c; line-height:30px; font-weight: bold;\">What we do?</td>\n											</tr>\n\n											<tr>\n												<td height=\"5\"></td>\n											</tr>\n\n\n											<tr>\n												<td style=\"font-family: \'Lato\', sans-serif; font-size:14px; color:#7f8c8d; line-height:24px; font-weight: 300;\">\n													We create responsive websites with modern designs and features for small businesses and organizations that are professionally developed and SEO optimized.\n												</td>\n											</tr>\n\n\n										</tbody></table>\n									</td>\n								</tr>\n							</tbody></table>\n						</td>\n					</tr>\n				</tbody></table>\n			</td>\n		</tr>\n\n\n<!-- END WHAT WE DO -->\n\n\n\n<!-- START READY FOR NEW PROJECT -->\n\n		<tr>\n			<td align=\"center\">\n				<table style=\" border-left: 1px solid #dbd9d9; border-right: 1px solid #dbd9d9;\" width=\"100%\" cellspacing=\"0\" cellpadding=\"0\" border=\"0\" align=\"center\">\n					<tbody><tr>\n						<td height=\"50\"></td>\n					</tr>\n					<tr>\n\n\n						<td bgcolor=\"#34495e\" align=\"center\">\n							<table class=\"col-600\" width=\"600\" cellspacing=\"0\" cellpadding=\"0\" border=\"0\" align=\"center\">\n								<tbody><tr>\n									<td height=\"35\"></td>\n								</tr>\n\n\n								<tr>\n									<td style=\"font-family: \'Raleway\', sans-serif; font-size:20px; color:#f1c40f; line-height:24px; font-weight: bold;\" align=\"center\">Ready for new project?</td>\n								</tr>\n\n\n								<tr>\n									<td height=\"20\"></td>\n								</tr>\n\n\n								<tr>\n									<td style=\"font-family: \'Lato\', sans-serif; font-size:14px; color:#fff; line-height: 1px; font-weight: 300;\" align=\"center\">\n										Check out our price below.\n									</td>\n								</tr>\n\n\n								<tr>\n									<td height=\"40\"></td>\n								</tr>\n\n							</tbody></table>\n						</td>\n					</tr>\n				</tbody></table>\n			</td>\n		</tr>\n\n\n<!-- END READY FOR NEW PROJECT -->\n\n\n<!-- START PRICING TABLE -->\n\n		<tr>\n			<td align=\"center\">\n				<table class=\"col-600\" style=\" border-left: 1px solid #dbd9d9; border-right: 1px solid #dbd9d9;\" width=\"600\" cellspacing=\"0\" cellpadding=\"0\" border=\"0\" align=\"center\">\n					<tbody><tr>\n						<td height=\"50\"></td>\n					</tr>\n					<tr>\n						<td>\n\n\n							<table style=\"border:1px solid #e2e2e2;\" class=\"col2\" width=\"287\" cellspacing=\"0\" cellpadding=\"0\" border=\"0\" align=\"left\">\n\n\n								<tbody><tr>\n									<td style=\"font-family: \'Raleway\', sans-serif; font-size:18px; color:#f1c40f; line-height:30px; font-weight: bold;\" height=\"40\" bgcolor=\"#2b3c4d\" align=\"center\">Small Business Website</td>\n								</tr>\n\n\n								<tr>\n									<td align=\"center\">\n										<table class=\"insider\" width=\"237\" cellspacing=\"0\" cellpadding=\"0\" border=\"0\" align=\"center\">\n											<tbody><tr>\n												<td height=\"20\"></td>\n											</tr>\n\n											<tr style=\"line-height:0px;\" align=\"center\">\n												<td style=\"font-family: \'Lato\', sans-serif; font-size:48px; color:#2b3c4d; font-weight: bold; line-height: 44px;\">$150</td>\n											</tr>\n\n\n											<tr>\n												<td height=\"15\"></td>\n											</tr>\n\n\n											<tr>\n												<td height=\"15\"></td>\n											</tr>\n\n\n\n											<tr>\n												<td align=\"center\">\n													<table style=\"border: 2px solid #2b3c4d;\" width=\"100\" cellspacing=\"0\" cellpadding=\"0\" border=\"0\" align=\"center\">\n														<tbody><tr>\n															<td width=\"10\"></td>\n															<td style=\"font-family: \'Lato\', sans-serif; font-size:14px; font-weight: 300; color:#2b3c4d;\" height=\"30\" align=\"center\">\n																<a href=\"#\" style=\"color: #2b3c4d;\">Learn More</a>\n															</td>\n															<td width=\"10\"></td>\n														</tr>\n													</tbody></table>\n												</td>\n											</tr>\n\n\n										</tbody></table>\n									</td>\n								</tr>\n								<tr>\n									<td height=\"30\"></td>\n								</tr>\n							</tbody></table>\n\n\n\n\n\n							<table width=\"1\" height=\"20\" cellspacing=\"0\" cellpadding=\"0\" border=\"0\" align=\"left\">\n								<tbody><tr>\n									<td style=\"font-size: 0;line-height: 0;border-collapse: collapse;\" height=\"20\">\n										<p style=\"padding-left: 24px;\">&nbsp;</p>\n									</td>\n								</tr>\n							</tbody></table>\n\n\n							<table style=\"border:1px solid #e2e2e2;\" class=\"col2\" width=\"287\" cellspacing=\"0\" cellpadding=\"0\" border=\"0\" align=\"right\">\n\n\n								<tbody><tr>\n									<td style=\"font-family: \'Raleway\', sans-serif; font-size:18px; color:#f1c40f; line-height:30px; font-weight: bold;\" height=\"40\" bgcolor=\"#2b3c4d\" align=\"center\">E-commerce Website</td>\n								</tr>\n\n\n								<tr>\n									<td align=\"center\">\n										<table class=\"insider\" width=\"237\" cellspacing=\"0\" cellpadding=\"0\" border=\"0\" align=\"center\">\n											<tbody><tr>\n												<td height=\"20\"></td>\n											</tr>\n\n											<tr style=\"line-height:0px;\" align=\"center\">\n												<td style=\"font-family: \'Lato\', sans-serif; font-size:48px; color:#2b3c4d; font-weight: bold; line-height: 44px;\">$289</td>\n											</tr>\n\n\n											<tr>\n												<td height=\"30\"></td>\n											</tr>\n\n\n\n											<tr align=\"center\">\n												<td>\n													<table style=\" border: 2px solid #2b3c4d;\" width=\"100\" cellspacing=\"0\" cellpadding=\"0\" border=\"0\" align=\"center\">\n														<tbody><tr>\n															<td width=\"10\"></td>\n															<td style=\"font-family: \'Lato\', sans-serif; font-size:14px; font-weight: 300; color:#2b3c4d;\" height=\"30\" align=\"center\">\n																<a href=\"#\" style=\"color: #2b3c4d;\">Learn More</a>\n															</td>\n															<td width=\"10\"></td>\n														</tr>\n													</tbody></table>\n												</td>\n											</tr>\n\n\n										</tbody></table>\n									</td>\n								</tr>\n								<tr>\n									<td height=\"20\"></td>\n								</tr>\n							</tbody></table>\n\n						</td>\n					</tr>\n				</tbody></table>\n			</td>\n		</tr>\n\n\n<!-- END PRICING TABLE -->\n\n\n<!-- START FOOTER -->\n\n		<tr>\n			<td align=\"center\">\n				<table style=\" border-left: 1px solid #dbd9d9; border-right: 1px solid #dbd9d9;\" width=\"100%\" cellspacing=\"0\" cellpadding=\"0\" border=\"0\" align=\"center\">\n					<tbody><tr>\n						<td height=\"50\"></td>\n					</tr>\n					<tr>\n						<td height=\"185\" bgcolor=\"#34495e\" background=\"https://designmodo.com/demo/emailtemplate/images/footer.jpg\" align=\"center\">\n							<table class=\"col-600\" width=\"600\" cellspacing=\"0\" cellpadding=\"0\" border=\"0\" align=\"center\">\n								<tbody><tr>\n									<td height=\"25\"></td>\n								</tr>\n\n									<tr>\n									<td style=\"font-family: \'Raleway\',  sans-serif; font-size:26px; font-weight: 500; color:#f1c40f;\" align=\"center\">Follow us for some cool stuffs</td>\n									</tr>\n\n\n								<tr>\n									<td height=\"25\"></td>\n								</tr>\n\n\n\n								</tbody></table><table width=\"35%\" cellspacing=\"0\" cellpadding=\"0\" border=\"0\" align=\"center\">\n								<tbody><tr>\n									<td style=\"vertical-align: top;\" width=\"30%\" align=\"center\">\n											<a href=\"https://www.facebook.com/designmodo\" target=\"_blank\"> <img src=\"https://designmodo.com/demo/emailtemplate/images/icon-fb.png\"> </a>\n									</td>\n\n									<td class=\"margin\" style=\"vertical-align: top;\" width=\"30%\" align=\"center\">\n										 <a href=\"https://twitter.com/designmodo\" target=\"_blank\"> <img src=\"https://designmodo.com/demo/emailtemplate/images/icon-twitter.png\"> </a>\n									</td>\n\n									<td style=\"vertical-align: top;\" width=\"30%\" align=\"center\">\n											<a href=\"https://plus.google.com/+Designmodo/posts\" target=\"_blank\"> <img src=\"https://designmodo.com/demo/emailtemplate/images/icon-googleplus.png\"> </a>\n									</td>\n								</tr>\n								</tbody></table>\n\n\n\n							</td></tr></tbody></table>\n						</td>\n					</tr>\n				</tbody></table>\n			</td>\n		</tr>\n\n<!-- END FOOTER -->\n\n						\n					\n				</tbody></table></div>'),
(5, 'try', 'try@gmail.com', '<div class=\"raw-html-embed\"><img src=\"https://images.unsplash.com/photo-1531804055935-76f44d7c3621?ixlib=rb-1.2.1&amp;ixid=MnwxMjA3fDB8MHxzZWFyY2h8Mnx8cGhvdG98ZW58MHx8MHx8&amp;w=1000&amp;q=80\" alt=\"image\"></div>'),
(6, 'try', 'try@gmail.com', '<div class=\"raw-html-embed\"><img src=\"https://images.unsplash.com/photo-1531804055935-76f44d7c3621?ixlib=rb-1.2.1&amp;ixid=MnwxMjA3fDB8MHxzZWFyY2h8Mnx8cGhvdG98ZW58MHx8MHx8&amp;w=1000&amp;q=80\" alt=\"image\"></div>');

-- --------------------------------------------------------

--
-- Table structure for table `products`
--

CREATE TABLE `products` (
  `nId` int(11) NOT NULL,
  `sCategory` varchar(255) NOT NULL,
  `sDescription` varchar(255) NOT NULL,
  `bStatus` enum('1','0') NOT NULL
) ENGINE=MyISAM DEFAULT CHARSET=utf8mb4;

--
-- Dumping data for table `products`
--

INSERT INTO `products` (`nId`, `sCategory`, `sDescription`, `bStatus`) VALUES
(1, 'Coca Cola', '<figure class=\"image\"><img src=\"https://ckeditor.com/apps/ckfinder/userfiles/images/winter%20is%20coming.jpg\"></figure>', '1'),
(2, 'Thumbs Up', '<p><i><s><u>A Cold Drink</u></s></i></p>', '1');

-- --------------------------------------------------------

--
-- Table structure for table `state`
--

CREATE TABLE `state` (
  `state_id` int(3) NOT NULL,
  `country_id` int(3) NOT NULL,
  `state_name` varchar(35) NOT NULL
) ENGINE=MyISAM DEFAULT CHARSET=utf8mb4;

--
-- Dumping data for table `state`
--

INSERT INTO `state` (`state_id`, `country_id`, `state_name`) VALUES
(1, 1, 'Gujarat'),
(2, 1, 'Maharastra'),
(3, 1, 'UP'),
(4, 2, 'Tasmania'),
(5, 2, 'New South Wales'),
(6, 2, 'Western Australia'),
(7, 3, 'Alberta'),
(8, 3, 'Manitoba'),
(9, 3, 'Ontario');

-- --------------------------------------------------------

--
-- Table structure for table `student_address`
--

CREATE TABLE `student_address` (
  `address_id` int(11) NOT NULL,
  `address` varchar(255) NOT NULL,
  `pincode` int(11) NOT NULL
) ENGINE=MyISAM DEFAULT CHARSET=utf8mb4;

--
-- Dumping data for table `student_address`
--

INSERT INTO `student_address` (`address_id`, `address`, `pincode`) VALUES
(1, 'loteswar', 384265),
(2, 'ghivato', 123),
(3, 'loteswar', 2345),
(4, 'ahmedabad', 8765534),
(5, 'ahmd', 2134),
(6, 'amd', 875),
(7, 'amd', 5344),
(8, 'petlad', 388450),
(9, 'maninagar', 283915),
(10, 'maninagar', 234567),
(11, 'maninagar', 234567),
(12, 'amd', 234561),
(13, 'amd', 123456),
(14, 'patan', 384265),
(15, 'patan', 384265),
(16, 'patan', 384265),
(17, 'patan', 384265),
(18, 'agvs', 235427);

-- --------------------------------------------------------

--
-- Table structure for table `student_department`
--

CREATE TABLE `student_department` (
  `auto_id` int(11) NOT NULL,
  `department_id` int(11) NOT NULL,
  `department_name` varchar(255) NOT NULL
) ENGINE=MyISAM DEFAULT CHARSET=utf8mb4;

--
-- Dumping data for table `student_department`
--

INSERT INTO `student_department` (`auto_id`, `department_id`, `department_name`) VALUES
(1, 314, 'Computer engineering'),
(2, 315, 'Mechanical engineering'),
(3, 316, 'Civil engineering');

-- --------------------------------------------------------

--
-- Table structure for table `student_details`
--

CREATE TABLE `student_details` (
  `student_id` int(11) NOT NULL,
  `department_id` int(11) NOT NULL,
  `firstname` varchar(255) NOT NULL,
  `lastname` varchar(255) NOT NULL,
  `address_id` int(11) NOT NULL,
  `gender` enum('m','f','o') NOT NULL,
  `age` int(11) NOT NULL
) ENGINE=MyISAM DEFAULT CHARSET=utf8mb4;

--
-- Dumping data for table `student_details`
--

INSERT INTO `student_details` (`student_id`, `department_id`, `firstname`, `lastname`, `address_id`, `gender`, `age`) VALUES
(1, 314, 'Nensi', 'Darji', 1, 'f', 22),
(2, 314, 'dhara', 'prajapti', 2, 'f', 21),
(3, 314, 'parth', 'darji', 3, 'm', 17),
(4, 315, 'Pakshal', 'Shah', 4, 'm', 29),
(5, 315, 'Pakshal', 'Shah', 5, 'm', 29),
(6, 316, 'mansi', 'trivedi', 6, 'f', 76),
(7, 315, 'Pakshal', 'Shah', 7, 'm', 100),
(8, 315, 'ajanan', 'pathan', 8, 'm', 70),
(9, 314, 'jatin', 'wadhavani', 9, 'm', 22),
(10, 314, 'jatin', 'wadhavani', 10, 'm', 23),
(11, 315, 'jatin', 'wadhavani', 11, 'm', 23),
(12, 314, 'parth', 'patel', 12, 'm', 25),
(13, 315, 'nain', 'darji', 13, 'f', 22),
(14, 316, 'deepa', 'darji', 14, 'f', 40),
(15, 316, 'deepa', 'darji', 15, 'f', 40),
(16, 316, 'deepa', 'darji', 16, 'f', 40),
(17, 316, 'deepa', 'darji', 17, 'f', 40),
(18, 315, 'ekta', 'mehta', 18, 'f', 12);

-- --------------------------------------------------------

--
-- Table structure for table `test`
--

CREATE TABLE `test` (
  `user_id` text NOT NULL,
  `password` text NOT NULL
) ENGINE=MyISAM DEFAULT CHARSET=utf8mb4;

--
-- Dumping data for table `test`
--

INSERT INTO `test` (`user_id`, `password`) VALUES
('235', '23468'),
('235', '23468'),
('235', '23468'),
('235', '23468'),
('235', '23468'),
('10', 'nen');

--
-- Indexes for dumped tables
--

--
-- Indexes for table `city`
--
ALTER TABLE `city`
  ADD PRIMARY KEY (`city_id`);

--
-- Indexes for table `country`
--
ALTER TABLE `country`
  ADD PRIMARY KEY (`country_id`);

--
-- Indexes for table `employees`
--
ALTER TABLE `employees`
  ADD PRIMARY KEY (`emp_id`);

--
-- Indexes for table `information`
--
ALTER TABLE `information`
  ADD PRIMARY KEY (`nId`);

--
-- Indexes for table `products`
--
ALTER TABLE `products`
  ADD PRIMARY KEY (`nId`);

--
-- Indexes for table `state`
--
ALTER TABLE `state`
  ADD PRIMARY KEY (`state_id`);

--
-- Indexes for table `student_address`
--
ALTER TABLE `student_address`
  ADD PRIMARY KEY (`address_id`);

--
-- Indexes for table `student_department`
--
ALTER TABLE `student_department`
  ADD PRIMARY KEY (`auto_id`);

--
-- Indexes for table `student_details`
--
ALTER TABLE `student_details`
  ADD PRIMARY KEY (`student_id`);

--
-- AUTO_INCREMENT for dumped tables
--

--
-- AUTO_INCREMENT for table `city`
--
ALTER TABLE `city`
  MODIFY `city_id` int(3) NOT NULL AUTO_INCREMENT, AUTO_INCREMENT=28;

--
-- AUTO_INCREMENT for table `country`
--
ALTER TABLE `country`
  MODIFY `country_id` int(3) NOT NULL AUTO_INCREMENT, AUTO_INCREMENT=4;

--
-- AUTO_INCREMENT for table `employees`
--
ALTER TABLE `employees`
  MODIFY `emp_id` int(11) NOT NULL AUTO_INCREMENT, AUTO_INCREMENT=24;

--
-- AUTO_INCREMENT for table `information`
--
ALTER TABLE `information`
  MODIFY `nId` int(11) NOT NULL AUTO_INCREMENT, AUTO_INCREMENT=7;

--
-- AUTO_INCREMENT for table `products`
--
ALTER TABLE `products`
  MODIFY `nId` int(11) NOT NULL AUTO_INCREMENT, AUTO_INCREMENT=12;

--
-- AUTO_INCREMENT for table `state`
--
ALTER TABLE `state`
  MODIFY `state_id` int(3) NOT NULL AUTO_INCREMENT, AUTO_INCREMENT=10;

--
-- AUTO_INCREMENT for table `student_address`
--
ALTER TABLE `student_address`
  MODIFY `address_id` int(11) NOT NULL AUTO_INCREMENT, AUTO_INCREMENT=19;

--
-- AUTO_INCREMENT for table `student_department`
--
ALTER TABLE `student_department`
  MODIFY `auto_id` int(11) NOT NULL AUTO_INCREMENT, AUTO_INCREMENT=4;

--
-- AUTO_INCREMENT for table `student_details`
--
ALTER TABLE `student_details`
  MODIFY `student_id` int(11) NOT NULL AUTO_INCREMENT, AUTO_INCREMENT=19;
COMMIT;

/*!40101 SET CHARACTER_SET_CLIENT=@OLD_CHARACTER_SET_CLIENT */;
/*!40101 SET CHARACTER_SET_RESULTS=@OLD_CHARACTER_SET_RESULTS */;
/*!40101 SET COLLATION_CONNECTION=@OLD_COLLATION_CONNECTION */;
